colour	size	x	y	clickSelects	showSelected1	fill
#32D6BA	4.30317791740052	-73.562845	45.516126	Berri	January 2009	#32D6BA
#32D6BA	4.76302064010457	-73.562845	45.516126	Berri	February 2009	#32D6BA
#32D6BA	5.79189534834259	-73.562845	45.516126	Berri	March 2009	#32D6BA
#32D6BA	9.57746823564727	-73.562845	45.516126	Berri	April 2009	#32D6BA
#32D6BA	14.5591329139642	-73.562845	45.516126	Berri	May 2009	#32D6BA
#32D6BA	16.1690795560893	-73.562845	45.516126	Berri	June 2009	#32D6BA
#32D6BA	16.8998995091737	-73.562845	45.516126	Berri	July 2009	#32D6BA
#32D6BA	16.3204873019958	-73.562845	45.516126	Berri	August 2009	#32D6BA
#32D6BA	16.1157031734819	-73.562845	45.516126	Berri	September 2009	#32D6BA
#32D6BA	12.0949199344816	-73.562845	45.516126	Berri	October 2009	#32D6BA
#32D6BA	10.9472814474802	-73.562845	45.516126	Berri	November 2009	#32D6BA
#32D6BA	6.14411793200692	-73.562845	45.516126	Berri	December 2009	#32D6BA
#32D6BA	5.23953262373946	-73.562845	45.516126	Berri	January 2010	#32D6BA
#32D6BA	5.42247252045089	-73.562845	45.516126	Berri	February 2010	#32D6BA
#32D6BA	8.98333577492539	-73.562845	45.516126	Berri	March 2010	#32D6BA
#32D6BA	13.0997595380575	-73.562845	45.516126	Berri	April 2010	#32D6BA
#32D6BA	17.0308632577046	-73.562845	45.516126	Berri	May 2010	#32D6BA
#32D6BA	17.5686657075106	-73.562845	45.516126	Berri	June 2010	#32D6BA
#32D6BA	18.0196225884889	-73.562845	45.516126	Berri	July 2010	#32D6BA
#32D6BA	17.2843309728153	-73.562845	45.516126	Berri	August 2010	#32D6BA
#32D6BA	15.9858998672317	-73.562845	45.516126	Berri	September 2010	#32D6BA
#32D6BA	13.2216888581877	-73.562845	45.516126	Berri	October 2010	#32D6BA
#32D6BA	10.9649603452707	-73.562845	45.516126	Berri	November 2010	#32D6BA
#32D6BA	5.38576529680904	-73.562845	45.516126	Berri	December 2010	#32D6BA
#32D6BA	5.19162365289404	-73.562845	45.516126	Berri	January 2011	#32D6BA
#32D6BA	4.91789453274059	-73.562845	45.516126	Berri	February 2011	#32D6BA
#32D6BA	6.34081133275558	-73.562845	45.516126	Berri	March 2011	#32D6BA
#32D6BA	8.69462727654151	-73.562845	45.516126	Berri	April 2011	#32D6BA
#32D6BA	6.41471111076981	-73.562845	45.516126	Berri	May 2011	#32D6BA
#32D6BA	18.3509621141025	-73.562845	45.516126	Berri	June 2011	#32D6BA
#32D6BA	17.2299180006872	-73.562845	45.516126	Berri	July 2011	#32D6BA
#32D6BA	17.2581023421101	-73.562845	45.516126	Berri	August 2011	#32D6BA
#32D6BA	17.3082784983965	-73.562845	45.516126	Berri	September 2011	#32D6BA
#32D6BA	4.09291621512247	-73.562845	45.516126	Berri	October 2011	#32D6BA
#32D6BA	4.89728975390638	-73.562845	45.516126	Berri	January 2012	#32D6BA
#32D6BA	5.38677627482405	-73.562845	45.516126	Berri	February 2012	#32D6BA
#32D6BA	8.69910028771528	-73.562845	45.516126	Berri	March 2012	#32D6BA
#32D6BA	12.7639715402673	-73.562845	45.516126	Berri	April 2012	#32D6BA
#32D6BA	17.103287611034	-73.562845	45.516126	Berri	May 2012	#32D6BA
#32D6BA	17.7455544975607	-73.562845	45.516126	Berri	June 2012	#32D6BA
#32D6BA	18.6805944105292	-73.562845	45.516126	Berri	July 2012	#32D6BA
#32D6BA	17.981752351832	-73.562845	45.516126	Berri	August 2012	#32D6BA
#32D6BA	16.7470120289952	-73.562845	45.516126	Berri	September 2012	#32D6BA
#32D6BA	14.737366173332	-73.562845	45.516126	Berri	October 2012	#32D6BA
#32D6BA	5.70813539626754	-73.562845	45.516126	Berri	November 2012	#32D6BA
#32D6BA	5.27108213582478	-73.562845	45.516126	Berri	January 2013	#32D6BA
#32D6BA	5.29454600492873	-73.562845	45.516126	Berri	February 2013	#32D6BA
#32D6BA	7.05969604650189	-73.562845	45.516126	Berri	March 2013	#32D6BA
#32D6BA	12.3658075639262	-73.562845	45.516126	Berri	April 2013	#32D6BA
#32D6BA	17.0513477944314	-73.562845	45.516126	Berri	May 2013	#32D6BA
#32D6BA	16.7424845062138	-73.562845	45.516126	Berri	June 2013	#32D6BA
#32D6BA	18.1977687954892	-73.562845	45.516126	Berri	July 2013	#32D6BA
#32D6BA	17.5931096480247	-73.562845	45.516126	Berri	August 2013	#32D6BA
#32D6BA	13.0211411197523	-73.562845	45.516126	Berri	September 2013	#32D6BA
#7649C8	16.7712512623221	-73.573984	45.527411	Brébeuf	July 2009	#7649C8
#7649C8	18.6517852939878	-73.573984	45.527411	Brébeuf	August 2009	#7649C8
#7649C8	16.3311812116979	-73.573984	45.527411	Brébeuf	September 2009	#7649C8
#7649C8	9.74581118468884	-73.573984	45.527411	Brébeuf	October 2009	#7649C8
#7649C8	6.8612799781048	-73.573984	45.527411	Brébeuf	November 2009	#7649C8
#7649C8	9.63911309506486	-73.573984	45.527411	Brébeuf	April 2010	#7649C8
#7649C8	16.7786658516579	-73.573984	45.527411	Brébeuf	June 2010	#7649C8
#7649C8	17.9492129141685	-73.573984	45.527411	Brébeuf	July 2010	#7649C8
#7649C8	17.9610677364969	-73.573984	45.527411	Brébeuf	August 2010	#7649C8
#7649C8	16.0556712431347	-73.573984	45.527411	Brébeuf	September 2010	#7649C8
#7649C8	13.4534400680352	-73.573984	45.527411	Brébeuf	October 2010	#7649C8
#7649C8	9.19556717564953	-73.573984	45.527411	Brébeuf	November 2010	#7649C8
#A799FF	8.93697766343789	-73.607832	45.514955	Côte-Sainte-Catherine	October 2010	#A799FF
#A799FF	8.04031195133452	-73.607832	45.514955	Côte-Sainte-Catherine	November 2010	#A799FF
#A799FF	3.64922021107491	-73.607832	45.514955	Côte-Sainte-Catherine	December 2010	#A799FF
#A799FF	2.6315309806089	-73.607832	45.514955	Côte-Sainte-Catherine	January 2011	#A799FF
#A799FF	2.9755602483791	-73.607832	45.514955	Côte-Sainte-Catherine	February 2011	#A799FF
#A799FF	4.24255237868738	-73.607832	45.514955	Côte-Sainte-Catherine	March 2011	#A799FF
#A799FF	8.02939182875997	-73.607832	45.514955	Côte-Sainte-Catherine	April 2011	#A799FF
#A799FF	10.5024221868465	-73.607832	45.514955	Côte-Sainte-Catherine	May 2011	#A799FF
#A799FF	12.0425588037042	-73.607832	45.514955	Côte-Sainte-Catherine	June 2011	#A799FF
#A799FF	11.8725477920858	-73.607832	45.514955	Côte-Sainte-Catherine	July 2011	#A799FF
#A799FF	11.8359831571491	-73.607832	45.514955	Côte-Sainte-Catherine	August 2011	#A799FF
#A799FF	11.1466083846544	-73.607832	45.514955	Côte-Sainte-Catherine	September 2011	#A799FF
#A799FF	5.90596774905747	-73.607832	45.514955	Côte-Sainte-Catherine	October 2011	#A799FF
#A799FF	2.21498025905637	-73.607832	45.514955	Côte-Sainte-Catherine	January 2012	#A799FF
#A799FF	2.26166563845217	-73.607832	45.514955	Côte-Sainte-Catherine	February 2012	#A799FF
#A799FF	6.41296597399373	-73.607832	45.514955	Côte-Sainte-Catherine	March 2012	#A799FF
#A799FF	9.06085222591886	-73.607832	45.514955	Côte-Sainte-Catherine	April 2012	#A799FF
#A799FF	11.6452275647472	-73.607832	45.514955	Côte-Sainte-Catherine	May 2012	#A799FF
#A799FF	12.0336916520967	-73.607832	45.514955	Côte-Sainte-Catherine	June 2012	#A799FF
#A799FF	12.1043262862353	-73.607832	45.514955	Côte-Sainte-Catherine	July 2012	#A799FF
#A799FF	12.2666673207641	-73.607832	45.514955	Côte-Sainte-Catherine	August 2012	#A799FF
#A799FF	11.9617830299639	-73.607832	45.514955	Côte-Sainte-Catherine	September 2012	#A799FF
#A799FF	10.8110828610183	-73.607832	45.514955	Côte-Sainte-Catherine	October 2012	#A799FF
#A799FF	4.59365958609677	-73.607832	45.514955	Côte-Sainte-Catherine	November 2012	#A799FF
#A799FF	2.73196256199481	-73.607832	45.514955	Côte-Sainte-Catherine	January 2013	#A799FF
#A799FF	2.35349081187849	-73.607832	45.514955	Côte-Sainte-Catherine	February 2013	#A799FF
#A799FF	4.91319771757064	-73.607832	45.514955	Côte-Sainte-Catherine	March 2013	#A799FF
#A799FF	9.37936534805636	-73.607832	45.514955	Côte-Sainte-Catherine	April 2013	#A799FF
#A799FF	12.3198818005242	-73.607832	45.514955	Côte-Sainte-Catherine	May 2013	#A799FF
#A799FF	11.7768101497955	-73.607832	45.514955	Côte-Sainte-Catherine	June 2013	#A799FF
#A799FF	12.2918953473508	-73.607832	45.514955	Côte-Sainte-Catherine	July 2013	#A799FF
#A799FF	12.168748894887	-73.607832	45.514955	Côte-Sainte-Catherine	August 2013	#A799FF
#A799FF	10.4078792855385	-73.607832	45.514955	Côte-Sainte-Catherine	September 2013	#A799FF
#0591F5	10.8813226398955	-73.561591	45.514785	Maisonneuve 1	June 2009	#0591F5
#0591F5	7.52929275824742	-73.561591	45.514785	Maisonneuve 1	July 2009	#0591F5
#0591F5	12.0032792074834	-73.561591	45.514785	Maisonneuve 1	August 2009	#0591F5
#0591F5	10.6794535662003	-73.561591	45.514785	Maisonneuve 1	September 2009	#0591F5
#0591F5	8.08112294874793	-73.561591	45.514785	Maisonneuve 1	October 2009	#0591F5
#0591F5	8.47800838991583	-73.561591	45.514785	Maisonneuve 1	November 2009	#0591F5
#0591F5	5.01739172489034	-73.561591	45.514785	Maisonneuve 1	December 2009	#0591F5
#0591F5	4.40675496819282	-73.561591	45.514785	Maisonneuve 1	January 2010	#0591F5
#0591F5	4.65626067979316	-73.561591	45.514785	Maisonneuve 1	February 2010	#0591F5
#0591F5	7.56093351438709	-73.561591	45.514785	Maisonneuve 1	March 2010	#0591F5
#0591F5	10.5114768449817	-73.561591	45.514785	Maisonneuve 1	April 2010	#0591F5
#0591F5	13.6684979202764	-73.561591	45.514785	Maisonneuve 1	May 2010	#0591F5
#0591F5	14.4659031588915	-73.561591	45.514785	Maisonneuve 1	June 2010	#0591F5
#0591F5	14.6300097499411	-73.561591	45.514785	Maisonneuve 1	July 2010	#0591F5
#0591F5	9.6664013205614	-73.561591	45.514785	Maisonneuve 1	August 2010	#0591F5
#0591F5	9.80272718498989	-73.561591	45.514785	Maisonneuve 1	October 2010	#0591F5
#0591F5	9.24204268569866	-73.561591	45.514785	Maisonneuve 1	November 2010	#0591F5
#0591F5	4.74686611967043	-73.561591	45.514785	Maisonneuve 1	December 2010	#0591F5
#0591F5	4.47201332751917	-73.561591	45.514785	Maisonneuve 1	January 2011	#0591F5
#0591F5	4.19822498061732	-73.561591	45.514785	Maisonneuve 1	February 2011	#0591F5
#0591F5	5.34046703498689	-73.561591	45.514785	Maisonneuve 1	March 2011	#0591F5
#0591F5	9.25597447178557	-73.561591	45.514785	Maisonneuve 1	April 2011	#0591F5
#0591F5	13.0661674687391	-73.561591	45.514785	Maisonneuve 1	May 2011	#0591F5
#0591F5	15.593649542837	-73.561591	45.514785	Maisonneuve 1	June 2011	#0591F5
#0591F5	15.383180632222	-73.561591	45.514785	Maisonneuve 1	July 2011	#0591F5
#0591F5	14.7141634689941	-73.561591	45.514785	Maisonneuve 1	August 2011	#0591F5
#0591F5	14.455944034129	-73.561591	45.514785	Maisonneuve 1	September 2011	#0591F5
#0591F5	12.0266947151763	-73.561591	45.514785	Maisonneuve 1	October 2011	#0591F5
#0591F5	5.31835981520826	-73.561591	45.514785	Maisonneuve 1	November 2011	#0591F5
#0591F5	4.37561562665701	-73.561591	45.514785	Maisonneuve 1	January 2012	#0591F5
#0591F5	4.79443711126725	-73.561591	45.514785	Maisonneuve 1	February 2012	#0591F5
#0591F5	7.57891146214899	-73.561591	45.514785	Maisonneuve 1	March 2012	#0591F5
#0591F5	11.1863833359391	-73.561591	45.514785	Maisonneuve 1	April 2012	#0591F5
#0591F5	14.6990758262467	-73.561591	45.514785	Maisonneuve 1	May 2012	#0591F5
#0591F5	14.765556021975	-73.561591	45.514785	Maisonneuve 1	June 2012	#0591F5
#0591F5	15.2107463389514	-73.561591	45.514785	Maisonneuve 1	July 2012	#0591F5
#0591F5	14.7586485615185	-73.561591	45.514785	Maisonneuve 1	August 2012	#0591F5
#0591F5	13.9573609946171	-73.561591	45.514785	Maisonneuve 1	September 2012	#0591F5
#0591F5	12.4289432701278	-73.561591	45.514785	Maisonneuve 1	October 2012	#0591F5
#0591F5	5.15792593475205	-73.561591	45.514785	Maisonneuve 1	November 2012	#0591F5
#0591F5	4.53761711885304	-73.561591	45.514785	Maisonneuve 1	January 2013	#0591F5
#0591F5	4.64657686819319	-73.561591	45.514785	Maisonneuve 1	February 2013	#0591F5
#0591F5	6.11946822272005	-73.561591	45.514785	Maisonneuve 1	March 2013	#0591F5
#0591F5	10.4664099861887	-73.561591	45.514785	Maisonneuve 1	April 2013	#0591F5
#0591F5	14.504702179247	-73.561591	45.514785	Maisonneuve 1	May 2013	#0591F5
#0591F5	13.8434417828715	-73.561591	45.514785	Maisonneuve 1	June 2013	#0591F5
#0591F5	14.5348492724937	-73.561591	45.514785	Maisonneuve 1	July 2013	#0591F5
#0591F5	14.2015896488944	-73.561591	45.514785	Maisonneuve 1	August 2013	#0591F5
#0591F5	10.9621913634543	-73.561591	45.514785	Maisonneuve 1	September 2013	#0591F5
#FC9D31	13.8898890935301	-73.575078	45.500544	Maisonneuve 2	June 2009	#FC9D31
#FC9D31	16.4667025470312	-73.575078	45.500544	Maisonneuve 2	July 2009	#FC9D31
#FC9D31	16.4212548450224	-73.575078	45.500544	Maisonneuve 2	August 2009	#FC9D31
#FC9D31	17.1084434480707	-73.575078	45.500544	Maisonneuve 2	September 2009	#FC9D31
#FC9D31	13.5983128212309	-73.575078	45.500544	Maisonneuve 2	October 2009	#FC9D31
#FC9D31	12.2611638803682	-73.575078	45.500544	Maisonneuve 2	November 2009	#FC9D31
#FC9D31	6.91799157857453	-73.575078	45.500544	Maisonneuve 2	December 2009	#FC9D31
#FC9D31	5.99929200266265	-73.575078	45.500544	Maisonneuve 2	January 2010	#FC9D31
#FC9D31	6.06298576420849	-73.575078	45.500544	Maisonneuve 2	February 2010	#FC9D31
#FC9D31	10.208338887397	-73.575078	45.500544	Maisonneuve 2	March 2010	#FC9D31
#FC9D31	13.8139210433933	-73.575078	45.500544	Maisonneuve 2	April 2010	#FC9D31
#FC9D31	17.6463690011307	-73.575078	45.500544	Maisonneuve 2	May 2010	#FC9D31
#FC9D31	17.8116211892996	-73.575078	45.500544	Maisonneuve 2	June 2010	#FC9D31
#FC9D31	18.638982376788	-73.575078	45.500544	Maisonneuve 2	July 2010	#FC9D31
#FC9D31	18.1410268341898	-73.575078	45.500544	Maisonneuve 2	August 2010	#FC9D31
#FC9D31	17.3015120868093	-73.575078	45.500544	Maisonneuve 2	September 2010	#FC9D31
#FC9D31	14.8797584612118	-73.575078	45.500544	Maisonneuve 2	October 2010	#FC9D31
#FC9D31	12.3483715130145	-73.575078	45.500544	Maisonneuve 2	November 2010	#FC9D31
#FC9D31	6.18501448545349	-73.575078	45.500544	Maisonneuve 2	December 2010	#FC9D31
#FC9D31	6.02659124109594	-73.575078	45.500544	Maisonneuve 2	January 2011	#FC9D31
#FC9D31	5.60277572444542	-73.575078	45.500544	Maisonneuve 2	February 2011	#FC9D31
#FC9D31	7.58136548391484	-73.575078	45.500544	Maisonneuve 2	March 2011	#FC9D31
#FC9D31	12.2205472929615	-73.575078	45.500544	Maisonneuve 2	April 2011	#FC9D31
#FC9D31	16.8170117256367	-73.575078	45.500544	Maisonneuve 2	May 2011	#FC9D31
#FC9D31	19.4140399163724	-73.575078	45.500544	Maisonneuve 2	June 2011	#FC9D31
#FC9D31	20	-73.575078	45.500544	Maisonneuve 2	July 2011	#FC9D31
#FC9D31	19.1962807415705	-73.575078	45.500544	Maisonneuve 2	August 2011	#FC9D31
#FC9D31	19.0583620786111	-73.575078	45.500544	Maisonneuve 2	September 2011	#FC9D31
#FC9D31	15.8788278504411	-73.575078	45.500544	Maisonneuve 2	October 2011	#FC9D31
#FC9D31	6.63857239023099	-73.575078	45.500544	Maisonneuve 2	November 2011	#FC9D31
#FC9D31	5.63658758465161	-73.575078	45.500544	Maisonneuve 2	January 2012	#FC9D31
#FC9D31	6.18153643512265	-73.575078	45.500544	Maisonneuve 2	February 2012	#FC9D31
#FC9D31	9.8199291544611	-73.575078	45.500544	Maisonneuve 2	March 2012	#FC9D31
#FC9D31	14.1170545532712	-73.575078	45.500544	Maisonneuve 2	April 2012	#FC9D31
#FC9D31	18.2674183441694	-73.575078	45.500544	Maisonneuve 2	May 2012	#FC9D31
#FC9D31	19.0191322166725	-73.575078	45.500544	Maisonneuve 2	June 2012	#FC9D31
#FC9D31	19.682383444462	-73.575078	45.500544	Maisonneuve 2	July 2012	#FC9D31
#FC9D31	18.98535532465	-73.575078	45.500544	Maisonneuve 2	August 2012	#FC9D31
#FC9D31	17.8769817361768	-73.575078	45.500544	Maisonneuve 2	September 2012	#FC9D31
#FC9D31	16.05153005741	-73.575078	45.500544	Maisonneuve 2	October 2012	#FC9D31
#FC9D31	6.33587937564142	-73.575078	45.500544	Maisonneuve 2	November 2012	#FC9D31
#FC9D31	5.8760533761932	-73.575078	45.500544	Maisonneuve 2	January 2013	#FC9D31
#FC9D31	5.89982766570966	-73.575078	45.500544	Maisonneuve 2	February 2013	#FC9D31
#FC9D31	7.99694030806894	-73.575078	45.500544	Maisonneuve 2	March 2013	#FC9D31
#FC9D31	13.3757612807978	-73.575078	45.500544	Maisonneuve 2	April 2013	#FC9D31
#FC9D31	18.4298102019286	-73.575078	45.500544	Maisonneuve 2	May 2013	#FC9D31
#FC9D31	17.894276077391	-73.575078	45.500544	Maisonneuve 2	June 2013	#FC9D31
#FC9D31	19.2719143395298	-73.575078	45.500544	Maisonneuve 2	July 2013	#FC9D31
#FC9D31	18.611337678446	-73.575078	45.500544	Maisonneuve 2	August 2013	#FC9D31
#FC9D31	14.1579525492155	-73.575078	45.500544	Maisonneuve 2	September 2013	#FC9D31
#93DF10	6.19849019755048	-73.544546	45.499662	Pierre-Dupuy	October 2010	#93DF10
#93DF10	4.70574163790785	-73.544546	45.499662	Pierre-Dupuy	November 2010	#93DF10
#93DF10	2.6409472974274	-73.544546	45.499662	Pierre-Dupuy	December 2010	#93DF10
#93DF10	2.26491626791355	-73.544546	45.499662	Pierre-Dupuy	January 2011	#93DF10
#93DF10	2	-73.544546	45.499662	Pierre-Dupuy	February 2011	#93DF10
#93DF10	2.25504011650964	-73.544546	45.499662	Pierre-Dupuy	March 2011	#93DF10
#93DF10	7.16648847276512	-73.544546	45.499662	Pierre-Dupuy	April 2011	#93DF10
#93DF10	10.0901878407955	-73.544546	45.499662	Pierre-Dupuy	May 2011	#93DF10
#93DF10	11.0180738096231	-73.544546	45.499662	Pierre-Dupuy	June 2011	#93DF10
#93DF10	13.852471413026	-73.544546	45.499662	Pierre-Dupuy	July 2011	#93DF10
#93DF10	11.6182145478007	-73.544546	45.499662	Pierre-Dupuy	August 2011	#93DF10
#93DF10	10.727735676178	-73.544546	45.499662	Pierre-Dupuy	September 2011	#93DF10
#93DF10	7.86344178783053	-73.544546	45.499662	Pierre-Dupuy	October 2011	#93DF10
#93DF10	3.44982599812531	-73.544546	45.499662	Pierre-Dupuy	November 2011	#93DF10
#93DF10	2.50502146106974	-73.544546	45.499662	Pierre-Dupuy	January 2012	#93DF10
#93DF10	2.62608664642698	-73.544546	45.499662	Pierre-Dupuy	February 2012	#93DF10
#93DF10	5.36700744999699	-73.544546	45.499662	Pierre-Dupuy	March 2012	#93DF10
#93DF10	7.2633182981677	-73.544546	45.499662	Pierre-Dupuy	April 2012	#93DF10
#93DF10	11.2622798451358	-73.544546	45.499662	Pierre-Dupuy	May 2012	#93DF10
#93DF10	11.5276479801837	-73.544546	45.499662	Pierre-Dupuy	June 2012	#93DF10
#93DF10	13.7036520194191	-73.544546	45.499662	Pierre-Dupuy	July 2012	#93DF10
#93DF10	11.9270991183041	-73.544546	45.499662	Pierre-Dupuy	August 2012	#93DF10
#93DF10	10.5108735008052	-73.544546	45.499662	Pierre-Dupuy	September 2012	#93DF10
#93DF10	7.81212927151011	-73.544546	45.499662	Pierre-Dupuy	October 2012	#93DF10
#93DF10	3.11936633241421	-73.544546	45.499662	Pierre-Dupuy	November 2012	#93DF10
#93DF10	2.15480347935787	-73.544546	45.499662	Pierre-Dupuy	January 2013	#93DF10
#93DF10	2.48248759733114	-73.544546	45.499662	Pierre-Dupuy	February 2013	#93DF10
#93DF10	3.79531996208624	-73.544546	45.499662	Pierre-Dupuy	March 2013	#93DF10
#93DF10	7.9134408083499	-73.544546	45.499662	Pierre-Dupuy	April 2013	#93DF10
#93DF10	11.4940825508638	-73.544546	45.499662	Pierre-Dupuy	May 2013	#93DF10
#93DF10	11.2199550256277	-73.544546	45.499662	Pierre-Dupuy	June 2013	#93DF10
#93DF10	13.7934738151991	-73.544546	45.499662	Pierre-Dupuy	July 2013	#93DF10
#93DF10	12.8636943011851	-73.544546	45.499662	Pierre-Dupuy	August 2013	#93DF10
#93DF10	8.64780080939562	-73.544546	45.499662	Pierre-Dupuy	September 2013	#93DF10
#F58AC1	12.3758757036072	-73.569649	45.530355	Rachel	October 2010	#F58AC1
#F58AC1	10.6703769077953	-73.569649	45.530355	Rachel	November 2010	#F58AC1
#F58AC1	4.96676219317509	-73.569649	45.530355	Rachel	December 2010	#F58AC1
#F58AC1	4.33711510281341	-73.569649	45.530355	Rachel	January 2011	#F58AC1
#F58AC1	3.78144149754182	-73.569649	45.530355	Rachel	February 2011	#F58AC1
#F58AC1	5.81305287960928	-73.569649	45.530355	Rachel	March 2011	#F58AC1
#F58AC1	11.3197608804419	-73.569649	45.530355	Rachel	April 2011	#F58AC1
#F58AC1	15.0699301621733	-73.569649	45.530355	Rachel	May 2011	#F58AC1
#F58AC1	17.2591680576898	-73.569649	45.530355	Rachel	June 2011	#F58AC1
#F58AC1	17.7976498311607	-73.569649	45.530355	Rachel	July 2011	#F58AC1
#F58AC1	17.5684458126552	-73.569649	45.530355	Rachel	August 2011	#F58AC1
#F58AC1	16.8906486774562	-73.569649	45.530355	Rachel	September 2011	#F58AC1
#F58AC1	4.36731493140809	-73.569649	45.530355	Rachel	October 2011	#F58AC1
#F58AC1	3.39015642344028	-73.569649	45.530355	Rachel	January 2012	#F58AC1
#F58AC1	2.32577109269731	-73.569649	45.530355	Rachel	February 2012	#F58AC1
#F58AC1	8.72562138228648	-73.569649	45.530355	Rachel	March 2012	#F58AC1
#F58AC1	13.0820881296741	-73.569649	45.530355	Rachel	April 2012	#F58AC1
#F58AC1	16.8930624918817	-73.569649	45.530355	Rachel	May 2012	#F58AC1
#F58AC1	17.8366629131541	-73.569649	45.530355	Rachel	June 2012	#F58AC1
#F58AC1	18.0606011991917	-73.569649	45.530355	Rachel	July 2012	#F58AC1
#F58AC1	17.3340306094032	-73.569649	45.530355	Rachel	August 2012	#F58AC1
#F58AC1	16.5539971182869	-73.569649	45.530355	Rachel	September 2012	#F58AC1
#F58AC1	14.6812034261822	-73.569649	45.530355	Rachel	October 2012	#F58AC1
#F58AC1	6.02063537123524	-73.569649	45.530355	Rachel	November 2012	#F58AC1
#F58AC1	5.61865697998356	-73.569649	45.530355	Rachel	January 2013	#F58AC1
#F58AC1	5.71228758650353	-73.569649	45.530355	Rachel	February 2013	#F58AC1
#F58AC1	7.76926746630211	-73.569649	45.530355	Rachel	March 2013	#F58AC1
#F58AC1	13.1837957058986	-73.569649	45.530355	Rachel	April 2013	#F58AC1
#F58AC1	17.876820017967	-73.569649	45.530355	Rachel	May 2013	#F58AC1
#F58AC1	17.7958077228605	-73.569649	45.530355	Rachel	June 2013	#F58AC1
#F58AC1	18.9683155689063	-73.569649	45.530355	Rachel	July 2013	#F58AC1
#F58AC1	18.4970795109834	-73.569649	45.530355	Rachel	August 2013	#F58AC1
#F58AC1	13.4425249785137	-73.569649	45.530355	Rachel	September 2013	#F58AC1
#A77B7B	6.363622675597	-73.588882	45.519549	Saint-Urbain	January 2009	#A77B7B
#A77B7B	7.78038288499402	-73.588882	45.519549	Saint-Urbain	February 2009	#A77B7B
#A77B7B	11.2102959517106	-73.588882	45.519549	Saint-Urbain	March 2009	#A77B7B
#A77B7B	11.3238006556123	-73.588882	45.519549	Saint-Urbain	April 2009	#A77B7B
#A77B7B	11.8912553299007	-73.588882	45.519549	Saint-Urbain	May 2009	#A77B7B
#A77B7B	12.0965306523631	-73.588882	45.519549	Saint-Urbain	June 2009	#A77B7B
#A77B7B	12.8725142817737	-73.588882	45.519549	Saint-Urbain	July 2009	#A77B7B
#A77B7B	12.744712487372	-73.588882	45.519549	Saint-Urbain	August 2009	#A77B7B
#A77B7B	12.8587299138576	-73.588882	45.519549	Saint-Urbain	September 2009	#A77B7B
#A77B7B	11.9649613584021	-73.588882	45.519549	Saint-Urbain	October 2009	#A77B7B
#A77B7B	11.2433178450479	-73.588882	45.519549	Saint-Urbain	November 2009	#A77B7B
#A77B7B	8.14872493789759	-73.588882	45.519549	Saint-Urbain	December 2009	#A77B7B
#A77B7B	7.04614568460857	-73.588882	45.519549	Saint-Urbain	January 2010	#A77B7B
#A77B7B	6.40306380058643	-73.588882	45.519549	Saint-Urbain	February 2010	#A77B7B
#A77B7B	8.45245923866998	-73.588882	45.519549	Saint-Urbain	March 2010	#A77B7B
#A77B7B	10.2752146003916	-73.588882	45.519549	Saint-Urbain	April 2010	#A77B7B
#A77B7B	13.4989321336314	-73.588882	45.519549	Saint-Urbain	May 2010	#A77B7B
#A77B7B	12.9817767194662	-73.588882	45.519549	Saint-Urbain	June 2010	#A77B7B
#A77B7B	13.0503013217356	-73.588882	45.519549	Saint-Urbain	July 2010	#A77B7B
#A77B7B	12.9633687053189	-73.588882	45.519549	Saint-Urbain	August 2010	#A77B7B
#A77B7B	12.5977813963874	-73.588882	45.519549	Saint-Urbain	September 2010	#A77B7B
#A77B7B	11.6074415244552	-73.588882	45.519549	Saint-Urbain	October 2010	#A77B7B
#A77B7B	8.4578952341845	-73.588882	45.519549	Saint-Urbain	November 2010	#A77B7B
#D21BD5	4.32610303383978	-73.588832	45.527772	Totem_Laurier	February 2013	#D21BD5
#D21BD5	7.13691702346578	-73.588832	45.527772	Totem_Laurier	March 2013	#D21BD5
#D21BD5	10.8837314739015	-73.588832	45.527772	Totem_Laurier	April 2013	#D21BD5
#D21BD5	14.0712686361788	-73.588832	45.527772	Totem_Laurier	May 2013	#D21BD5
#D21BD5	14.05132907275	-73.588832	45.527772	Totem_Laurier	June 2013	#D21BD5
#D21BD5	15.1080512950662	-73.588832	45.527772	Totem_Laurier	July 2013	#D21BD5
#D21BD5	14.9539687894043	-73.588832	45.527772	Totem_Laurier	August 2013	#D21BD5
#D21BD5	11.4333093798515	-73.588832	45.527772	Totem_Laurier	September 2013	#D21BD5
#FB8072	10.808751321267	-73.581714	45.513462	du Parc	October 2010	#FB8072
#FB8072	10.1951906771815	-73.581714	45.513462	du Parc	November 2010	#FB8072
#FB8072	4.96214286426473	-73.581714	45.513462	du Parc	December 2010	#FB8072
#FB8072	4.91172840910094	-73.581714	45.513462	du Parc	January 2011	#FB8072
#FB8072	4.35280918863412	-73.581714	45.513462	du Parc	February 2011	#FB8072
#FB8072	6.04038352086578	-73.581714	45.513462	du Parc	March 2011	#FB8072
#FB8072	9.59551844758668	-73.581714	45.513462	du Parc	April 2011	#FB8072
#FB8072	12.5512430545829	-73.581714	45.513462	du Parc	May 2011	#FB8072
#FB8072	14.5007318456745	-73.581714	45.513462	du Parc	June 2011	#FB8072
#FB8072	14.3786101383933	-73.581714	45.513462	du Parc	July 2011	#FB8072
#FB8072	14.0149128344102	-73.581714	45.513462	du Parc	August 2011	#FB8072
#FB8072	14.6778284498286	-73.581714	45.513462	du Parc	September 2011	#FB8072
#FB8072	12.6728631475415	-73.581714	45.513462	du Parc	October 2011	#FB8072
#FB8072	5.26112448064817	-73.581714	45.513462	du Parc	November 2011	#FB8072
#FB8072	4.29498815262972	-73.581714	45.513462	du Parc	January 2012	#FB8072
#FB8072	4.87861935493303	-73.581714	45.513462	du Parc	February 2012	#FB8072
#FB8072	8.0630813797507	-73.581714	45.513462	du Parc	March 2012	#FB8072
#FB8072	10.8770815044664	-73.581714	45.513462	du Parc	April 2012	#FB8072
#FB8072	13.5802936046723	-73.581714	45.513462	du Parc	May 2012	#FB8072
#FB8072	14.1455566772813	-73.581714	45.513462	du Parc	June 2012	#FB8072
#FB8072	14.2731366096781	-73.581714	45.513462	du Parc	July 2012	#FB8072
#FB8072	14.0088564814676	-73.581714	45.513462	du Parc	August 2012	#FB8072
#FB8072	14.1751871542227	-73.581714	45.513462	du Parc	September 2012	#FB8072
#FB8072	13.0703430601651	-73.581714	45.513462	du Parc	October 2012	#FB8072
#FB8072	5.46274706323536	-73.581714	45.513462	du Parc	November 2012	#FB8072
#FB8072	4.43679418558632	-73.581714	45.513462	du Parc	January 2013	#FB8072
#FB8072	4.57544662191339	-73.581714	45.513462	du Parc	February 2013	#FB8072
#FB8072	6.26623335385912	-73.581714	45.513462	du Parc	March 2013	#FB8072
#FB8072	10.7344013632315	-73.581714	45.513462	du Parc	April 2013	#FB8072
#FB8072	13.8741865875881	-73.581714	45.513462	du Parc	May 2013	#FB8072
#FB8072	13.3488704164139	-73.581714	45.513462	du Parc	June 2013	#FB8072
#FB8072	14.0978271802747	-73.581714	45.513462	du Parc	July 2013	#FB8072
#FB8072	13.6556549472875	-73.581714	45.513462	du Parc	August 2013	#FB8072
#FB8072	11.3056998286985	-73.581714	45.513462	du Parc	September 2013	#FB8072
