colour	x	y	group	clickSelects	showSelected1	PANEL
#32D6BA	1231957800	100.322580645161	1	Berri	Berri	2
#32D6BA	1234636200	159.678571428571	1	Berri	Berri	2
#32D6BA	1237055400	300.392857142857	1	Berri	Berri	2
#32D6BA	1239733800	2396.78571428571	1	Berri	Berri	2
#32D6BA	1242325800	2972.87096774194	1	Berri	Berri	2
#32D6BA	1245004200	3909.93333333333	1	Berri	Berri	2
#32D6BA	1247596200	4184.16129032258	1	Berri	Berri	2
#32D6BA	1250274600	3865.09677419355	1	Berri	Berri	2
#32D6BA	1252953000	3880.53333333333	1	Berri	Berri	2
#32D6BA	1255545000	1920.83870967742	1	Berri	Berri	2
#32D6BA	1258223400	1559.3	1	Berri	Berri	2
#32D6BA	1260815400	324	1	Berri	Berri	2
#32D6BA	1263493800	198.129032258065	1	Berri	Berri	2
#32D6BA	1266172200	244.785714285714	1	Berri	Berri	2
#32D6BA	1268591400	919.387096774194	1	Berri	Berri	2
#32D6BA	1271269800	2399.6	1	Berri	Berri	2
#32D6BA	1273861800	4258.03225806452	1	Berri	Berri	2
#32D6BA	1276540200	4720.43333333333	1	Berri	Berri	2
#32D6BA	1279132200	4836.61290322581	1	Berri	Berri	2
#32D6BA	1281810600	4402.83870967742	1	Berri	Berri	2
#32D6BA	1284489000	3809.5	1	Berri	Berri	2
#32D6BA	1287081000	2373.48387096774	1	Berri	Berri	2
#32D6BA	1289759400	1565.46666666667	1	Berri	Berri	2
#32D6BA	1292351400	216.387096774194	1	Berri	Berri	2
#32D6BA	1295029800	192.322580645161	1	Berri	Berri	2
#32D6BA	1297708200	178.035714285714	1	Berri	Berri	2
#32D6BA	1300127400	355.451612903226	1	Berri	Berri	2
#32D6BA	1302805800	1378.63157894737	1	Berri	Berri	2
#32D6BA	1305397800	5698.5	1	Berri	Berri	2
#32D6BA	1308076200	5206.7	1	Berri	Berri	2
#32D6BA	1310668200	4371.54838709678	1	Berri	Berri	2
#32D6BA	1313346600	4387.74193548387	1	Berri	Berri	2
#32D6BA	1316025000	4563.86666666667	1	Berri	Berri	2
#32D6BA	1318617000	856.666666666667	1	Berri	Berri	2
#32D6BA	1326565800	158.548387096774	1	Berri	Berri	2
#32D6BA	1329244200	231.448275862069	1	Berri	Berri	2
#32D6BA	1331749800	846.096774193548	1	Berri	Berri	2
#32D6BA	1334428200	2256.63333333333	1	Berri	Berri	2
#32D6BA	1337020200	4299.16129032258	1	Berri	Berri	2
#32D6BA	1339698600	4828.3	1	Berri	Berri	2
#32D6BA	1342290600	5243.93548387097	1	Berri	Berri	2
#32D6BA	1344969000	4813.77419354839	1	Berri	Berri	2
#32D6BA	1347647400	4235.36666666667	1	Berri	Berri	2
#32D6BA	1350239400	3057.83870967742	1	Berri	Berri	2
#32D6BA	1352917800	1608.8	1	Berri	Berri	2
#32D6BA	1358188200	208.733333333333	1	Berri	Berri	2
#32D6BA	1360866600	226.857142857143	1	Berri	Berri	2
#32D6BA	1363285800	482.806451612903	1	Berri	Berri	2
#32D6BA	1365964200	2092.8	1	Berri	Berri	2
#32D6BA	1368556200	4269.64516129032	1	Berri	Berri	2
#32D6BA	1371234600	4232.76666666667	1	Berri	Berri	2
#32D6BA	1373826600	4944.77419354839	1	Berri	Berri	2
#32D6BA	1376505000	4582.51612903226	1	Berri	Berri	2
#32D6BA	1379183400	3942.88888888889	1	Berri	Berri	2
#7649C8	1247596200	5099.16	2	Br茅beuf	Br茅beuf	2
#7649C8	1250274600	5225.83870967742	2	Br茅beuf	Br茅beuf	2
#7649C8	1252953000	3999.9	2	Br茅beuf	Br茅beuf	2
#7649C8	1255545000	1131.03225806452	2	Br茅beuf	Br茅beuf	2
#7649C8	1258223400	921.133333333333	2	Br茅beuf	Br茅beuf	2
#7649C8	1271269800	2273.53333333333	2	Br閎euf	Br閎euf	2
#7649C8	1276540200	4557.39285714286	2	Br閎euf	Br閎euf	2
#7649C8	1279132200	4794.1935483871	2	Br閎euf	Br閎euf	2
#7649C8	1281810600	4801.32258064516	2	Br閎euf	Br閎euf	2
#7649C8	1284489000	3847.6	2	Br閎euf	Br閎euf	2
#7649C8	1287081000	2472.51612903226	2	Br閎euf	Br閎euf	2
#7649C8	1289759400	1891.1875	2	Br閎euf	Br閎euf	2
#A799FF	1287081000	1041.62962962963	3	C魌e-Sainte-Catherine	C魌e-Sainte-Catherine	2
#A799FF	1289759400	710.866666666667	3	C魌e-Sainte-Catherine	C魌e-Sainte-Catherine	2
#A799FF	1292351400	88.8888888888889	3	C魌e-Sainte-Catherine	C魌e-Sainte-Catherine	2
#A799FF	1295029800	9.38461538461539	3	C么te-Sainte-Catherine	C么te-Sainte-Catherine	2
#A799FF	1297708200	33.3529411764706	3	C么te-Sainte-Catherine	C么te-Sainte-Catherine	2
#A799FF	1300127400	122.875	3	C么te-Sainte-Catherine	C么te-Sainte-Catherine	2
#A799FF	1302805800	708.3	3	C么te-Sainte-Catherine	C么te-Sainte-Catherine	2
#A799FF	1305397800	1362.70967741936	3	C么te-Sainte-Catherine	C么te-Sainte-Catherine	2
#A799FF	1308076200	1964.33333333333	3	C么te-Sainte-Catherine	C么te-Sainte-Catherine	2
#A799FF	1310668200	1837.16129032258	3	C么te-Sainte-Catherine	C么te-Sainte-Catherine	2
#A799FF	1313346600	1823.58064516129	3	C么te-Sainte-Catherine	C么te-Sainte-Catherine	2
#A799FF	1316025000	1629.53333333333	3	C么te-Sainte-Catherine	C么te-Sainte-Catherine	2
#A799FF	1318617000	495.777777777778	3	C么te-Sainte-Catherine	C么te-Sainte-Catherine	2
#A799FF	1326565800	2	3	C么te-Sainte-Catherine	C么te-Sainte-Catherine	2
#A799FF	1329244200	3.64285714285714	3	C么te-Sainte-Catherine	C么te-Sainte-Catherine	2
#A799FF	1331749800	421.777777777778	3	C么te-Sainte-Catherine	C么te-Sainte-Catherine	2
#A799FF	1334428200	971.233333333333	3	C么te-Sainte-Catherine	C么te-Sainte-Catherine	2
#A799FF	1337020200	1753.54838709677	3	C么te-Sainte-Catherine	C么te-Sainte-Catherine	2
#A799FF	1339698600	1960.86666666667	3	C么te-Sainte-Catherine	C么te-Sainte-Catherine	2
#A799FF	1342290600	1924.41935483871	3	C么te-Sainte-Catherine	C么te-Sainte-Catherine	2
#A799FF	1344969000	1986.74193548387	3	C么te-Sainte-Catherine	C么te-Sainte-Catherine	2
#A799FF	1347647400	1932.86666666667	3	C么te-Sainte-Catherine	C么te-Sainte-Catherine	2
#A799FF	1350239400	1463.41935483871	3	C么te-Sainte-Catherine	C么te-Sainte-Catherine	2
#A799FF	1352917800	788.2	3	C么te-Sainte-Catherine	C么te-Sainte-Catherine	2
#A799FF	1358188200	19.0588235294118	3	C么te-Sainte-Catherine	C么te-Sainte-Catherine	2
#A799FF	1360866600	5.25	3	C么te-Sainte-Catherine	C么te-Sainte-Catherine	2
#A799FF	1363285800	177.464285714286	3	C么te-Sainte-Catherine	C么te-Sainte-Catherine	2
#A799FF	1365964200	1060.8	3	C么te-Sainte-Catherine	C么te-Sainte-Catherine	2
#A799FF	1368556200	2007.38709677419	3	C么te-Sainte-Catherine	C么te-Sainte-Catherine	2
#A799FF	1371234600	1861.76666666667	3	C么te-Sainte-Catherine	C么te-Sainte-Catherine	2
#A799FF	1373826600	1996.51612903226	3	C么te-Sainte-Catherine	C么te-Sainte-Catherine	2
#A799FF	1376505000	1949.03225806452	3	C么te-Sainte-Catherine	C么te-Sainte-Catherine	2
#A799FF	1379183400	2295	3	C么te-Sainte-Catherine	C么te-Sainte-Catherine	2
#FB8072	1287081000	1743.92307692308	4	du Parc	du Parc	2
#FB8072	1289759400	1308.23333333333	4	du Parc	du Parc	2
#FB8072	1292351400	165.709677419355	4	du Parc	du Parc	2
#FB8072	1295029800	160.129032258065	4	du Parc	du Parc	2
#FB8072	1297708200	115.892857142857	4	du Parc	du Parc	2
#FB8072	1300127400	308	4	du Parc	du Parc	2
#FB8072	1302805800	1123.83333333333	4	du Parc	du Parc	2
#FB8072	1305397800	2098.38709677419	4	du Parc	du Parc	2
#FB8072	1308076200	3043.46666666667	4	du Parc	du Parc	2
#FB8072	1310668200	2888.03225806452	4	du Parc	du Parc	2
#FB8072	1313346600	2720.83870967742	4	du Parc	du Parc	2
#FB8072	1316025000	3130.3	4	du Parc	du Parc	2
#FB8072	1318617000	2147.03225806452	4	du Parc	du Parc	2
#FB8072	1321295400	2074.66666666667	4	du Parc	du Parc	2
#FB8072	1326565800	99.6129032258064	4	du Parc	du Parc	2
#FB8072	1329244200	167.310344827586	4	du Parc	du Parc	2
#FB8072	1331749800	693.129032258065	4	du Parc	du Parc	2
#FB8072	1334428200	1534.93333333333	4	du Parc	du Parc	2
#FB8072	1337020200	2527.58064516129	4	du Parc	du Parc	2
#FB8072	1339698600	2873	4	du Parc	du Parc	2
#FB8072	1342290600	2839.03225806452	4	du Parc	du Parc	2
#FB8072	1344969000	2718.09677419355	4	du Parc	du Parc	2
#FB8072	1347647400	2887.03333333333	4	du Parc	du Parc	2
#FB8072	1350239400	2309.90322580645	4	du Parc	du Parc	2
#FB8072	1352917800	1403.2	4	du Parc	du Parc	2
#FB8072	1358188200	112.258064516129	4	du Parc	du Parc	2
#FB8072	1360866600	138.785714285714	4	du Parc	du Parc	2
#FB8072	1363285800	343.354838709677	4	du Parc	du Parc	2
#FB8072	1365964200	1486	4	du Parc	du Parc	2
#FB8072	1368556200	2657.48387096774	4	du Parc	du Parc	2
#FB8072	1371234600	2508.5	4	du Parc	du Parc	2
#FB8072	1373826600	2758.51612903226	4	du Parc	du Parc	2
#FB8072	1376505000	2560.58064516129	4	du Parc	du Parc	2
#FB8072	1379183400	2811.16666666667	4	du Parc	du Parc	2
#0591F5	1245004200	2004	5	Maisonneuve 1	Maisonneuve 1	2
#0591F5	1247596200	2234	5	Maisonneuve 1	Maisonneuve 1	2
#0591F5	1250274600	1886.12903225806	5	Maisonneuve 1	Maisonneuve 1	2
#0591F5	1252953000	1572.17857142857	5	Maisonneuve 1	Maisonneuve 1	2
#0591F5	1255545000	720.5	5	Maisonneuve 1	Maisonneuve 1	2
#0591F5	1258223400	817.566666666667	5	Maisonneuve 1	Maisonneuve 1	2
#0591F5	1260815400	171.935483870968	5	Maisonneuve 1	Maisonneuve 1	2
#0591F5	1263493800	109.516129032258	5	Maisonneuve 1	Maisonneuve 1	2
#0591F5	1266172200	147.607142857143	5	Maisonneuve 1	Maisonneuve 1	2
#0591F5	1268591400	583.129032258065	5	Maisonneuve 1	Maisonneuve 1	2
#0591F5	1271269800	1411.13333333333	5	Maisonneuve 1	Maisonneuve 1	2
#0591F5	1273861800	2566.22580645161	5	Maisonneuve 1	Maisonneuve 1	2
#0591F5	1276540200	3026.53333333333	5	Maisonneuve 1	Maisonneuve 1	2
#0591F5	1279132200	3006.51612903226	5	Maisonneuve 1	Maisonneuve 1	2
#0591F5	1281810600	2289.8	5	Maisonneuve 1	Maisonneuve 1	2
#0591F5	1287081000	1482.45833333333	5	Maisonneuve 1	Maisonneuve 1	2
#0591F5	1289759400	1021.7	5	Maisonneuve 1	Maisonneuve 1	2
#0591F5	1292351400	142.548387096774	5	Maisonneuve 1	Maisonneuve 1	2
#0591F5	1295029800	115.516129032258	5	Maisonneuve 1	Maisonneuve 1	2
#0591F5	1297708200	101.214285714286	5	Maisonneuve 1	Maisonneuve 1	2
#0591F5	1300127400	210.645161290323	5	Maisonneuve 1	Maisonneuve 1	2
#0591F5	1302805800	1025.63333333333	5	Maisonneuve 1	Maisonneuve 1	2
#0591F5	1305397800	2308.16129032258	5	Maisonneuve 1	Maisonneuve 1	2
#0591F5	1308076200	3598.83333333333	5	Maisonneuve 1	Maisonneuve 1	2
#0591F5	1310668200	3375.74193548387	5	Maisonneuve 1	Maisonneuve 1	2
#0591F5	1313346600	3046.70967741935	5	Maisonneuve 1	Maisonneuve 1	2
#0591F5	1316025000	3021.7	5	Maisonneuve 1	Maisonneuve 1	2
#0591F5	1318617000	1894.96774193548	5	Maisonneuve 1	Maisonneuve 1	2
#0591F5	1321295400	2148	5	Maisonneuve 1	Maisonneuve 1	2
#0591F5	1326565800	106.709677419355	5	Maisonneuve 1	Maisonneuve 1	2
#0591F5	1329244200	157.689655172414	5	Maisonneuve 1	Maisonneuve 1	2
#0591F5	1331749800	586.903225806452	5	Maisonneuve 1	Maisonneuve 1	2
#0591F5	1334428200	1643.73333333333	5	Maisonneuve 1	Maisonneuve 1	2
#0591F5	1337020200	3039.48387096774	5	Maisonneuve 1	Maisonneuve 1	2
#0591F5	1339698600	3173.76666666667	5	Maisonneuve 1	Maisonneuve 1	2
#0591F5	1342290600	3289.32258064516	5	Maisonneuve 1	Maisonneuve 1	2
#0591F5	1344969000	3068.06451612903	5	Maisonneuve 1	Maisonneuve 1	2
#0591F5	1347647400	2784.66666666667	5	Maisonneuve 1	Maisonneuve 1	2
#0591F5	1350239400	2050.03225806452	5	Maisonneuve 1	Maisonneuve 1	2
#0591F5	1352917800	1167.4	5	Maisonneuve 1	Maisonneuve 1	2
#0591F5	1358188200	121.709677419355	5	Maisonneuve 1	Maisonneuve 1	2
#0591F5	1360866600	146.535714285714	5	Maisonneuve 1	Maisonneuve 1	2
#0591F5	1363285800	320.161290322581	5	Maisonneuve 1	Maisonneuve 1	2
#0591F5	1365964200	1396.23333333333	5	Maisonneuve 1	Maisonneuve 1	2
#0591F5	1368556200	2947.16129032258	5	Maisonneuve 1	Maisonneuve 1	2
#0591F5	1371234600	2731.86666666667	5	Maisonneuve 1	Maisonneuve 1	2
#0591F5	1373826600	2961.38709677419	5	Maisonneuve 1	Maisonneuve 1	2
#0591F5	1376505000	2806.03225806452	5	Maisonneuve 1	Maisonneuve 1	2
#0591F5	1379183400	2607.5	5	Maisonneuve 1	Maisonneuve 1	2
#FC9D31	1245004200	3591.30434782609	6	Maisonneuve 2	Maisonneuve 2	2
#FC9D31	1247596200	3944.41935483871	6	Maisonneuve 2	Maisonneuve 2	2
#FC9D31	1250274600	3919.67741935484	6	Maisonneuve 2	Maisonneuve 2	2
#FC9D31	1252953000	4445.5	6	Maisonneuve 2	Maisonneuve 2	2
#FC9D31	1255545000	2535.45161290323	6	Maisonneuve 2	Maisonneuve 2	2
#FC9D31	1258223400	2050.76666666667	6	Maisonneuve 2	Maisonneuve 2	2
#FC9D31	1260815400	456.161290322581	6	Maisonneuve 2	Maisonneuve 2	2
#FC9D31	1263493800	301.774193548387	6	Maisonneuve 2	Maisonneuve 2	2
#FC9D31	1266172200	344.821428571429	6	Maisonneuve 2	Maisonneuve 2	2
#FC9D31	1268591400	1270.09677419355	6	Maisonneuve 2	Maisonneuve 2	2
#FC9D31	1271269800	2718.26666666667	6	Maisonneuve 2	Maisonneuve 2	2
#FC9D31	1273861800	4613.87096774194	6	Maisonneuve 2	Maisonneuve 2	2
#FC9D31	1276540200	4868.9	6	Maisonneuve 2	Maisonneuve 2	2
#FC9D31	1279132200	5217.8064516129	6	Maisonneuve 2	Maisonneuve 2	2
#FC9D31	1281810600	4910.1935483871	6	Maisonneuve 2	Maisonneuve 2	2
#FC9D31	1284489000	4559.83333333333	6	Maisonneuve 2	Maisonneuve 2	2
#FC9D31	1287081000	3126.58064516129	6	Maisonneuve 2	Maisonneuve 2	2
#FC9D31	1289759400	2085.76666666667	6	Maisonneuve 2	Maisonneuve 2	2
#FC9D31	1292351400	330.41935483871	6	Maisonneuve 2	Maisonneuve 2	2
#FC9D31	1295029800	305.903225806452	6	Maisonneuve 2	Maisonneuve 2	2
#FC9D31	1297708200	271.214285714286	6	Maisonneuve 2	Maisonneuve 2	2
#FC9D31	1300127400	587.41935483871	6	Maisonneuve 2	Maisonneuve 2	2
#FC9D31	1302805800	2034.56666666667	6	Maisonneuve 2	Maisonneuve 2	2
#FC9D31	1305397800	4137.74193548387	6	Maisonneuve 2	Maisonneuve 2	2
#FC9D31	1308076200	5905.7	6	Maisonneuve 2	Maisonneuve 2	2
#FC9D31	1310668200	6106.25806451613	6	Maisonneuve 2	Maisonneuve 2	2
#FC9D31	1313346600	5573.16129032258	6	Maisonneuve 2	Maisonneuve 2	2
#FC9D31	1316025000	5666.93333333333	6	Maisonneuve 2	Maisonneuve 2	2
#FC9D31	1318617000	3630.38709677419	6	Maisonneuve 2	Maisonneuve 2	2
#FC9D31	1321295400	4193.66666666667	6	Maisonneuve 2	Maisonneuve 2	2
#FC9D31	1326565800	249.58064516129	6	Maisonneuve 2	Maisonneuve 2	2
#FC9D31	1329244200	352.620689655172	6	Maisonneuve 2	Maisonneuve 2	2
#FC9D31	1331749800	1152.77419354839	6	Maisonneuve 2	Maisonneuve 2	2
#FC9D31	1334428200	2859.53333333333	6	Maisonneuve 2	Maisonneuve 2	2
#FC9D31	1337020200	4987.38709677419	6	Maisonneuve 2	Maisonneuve 2	2
#FC9D31	1339698600	5640.9	6	Maisonneuve 2	Maisonneuve 2	2
#FC9D31	1342290600	5892.67741935484	6	Maisonneuve 2	Maisonneuve 2	2
#FC9D31	1344969000	5437.29032258065	6	Maisonneuve 2	Maisonneuve 2	2
#FC9D31	1347647400	4909.23333333333	6	Maisonneuve 2	Maisonneuve 2	2
#FC9D31	1350239400	3721.29032258065	6	Maisonneuve 2	Maisonneuve 2	2
#FC9D31	1352917800	2198.8	6	Maisonneuve 2	Maisonneuve 2	2
#FC9D31	1358188200	303.034482758621	6	Maisonneuve 2	Maisonneuve 2	2
#FC9D31	1360866600	317.714285714286	6	Maisonneuve 2	Maisonneuve 2	2
#FC9D31	1363285800	678.096774193548	6	Maisonneuve 2	Maisonneuve 2	2
#FC9D31	1365964200	2520.4	6	Maisonneuve 2	Maisonneuve 2	2
#FC9D31	1368556200	5087.45161290323	6	Maisonneuve 2	Maisonneuve 2	2
#FC9D31	1371234600	4919.93333333333	6	Maisonneuve 2	Maisonneuve 2	2
#FC9D31	1373826600	5622.29032258065	6	Maisonneuve 2	Maisonneuve 2	2
#FC9D31	1376505000	5200.48387096774	6	Maisonneuve 2	Maisonneuve 2	2
#FC9D31	1379183400	4798.11111111111	6	Maisonneuve 2	Maisonneuve 2	2
#93DF10	1287081000	429.541666666667	7	Pierre-Dupuy	Pierre-Dupuy	2
#93DF10	1289759400	142.933333333333	7	Pierre-Dupuy	Pierre-Dupuy	2
#93DF10	1292351400	31.375	7	Pierre-Dupuy	Pierre-Dupuy	2
#93DF10	1295029800	2.26086956521739	7	Pierre-Dupuy	Pierre-Dupuy	2
#93DF10	1297708200	1.375	7	Pierre-Dupuy	Pierre-Dupuy	2
#93DF10	1300127400	4.45454545454545	7	Pierre-Dupuy	Pierre-Dupuy	2
#93DF10	1302805800	520.166666666667	7	Pierre-Dupuy	Pierre-Dupuy	2
#93DF10	1305397800	1233.8064516129	7	Pierre-Dupuy	Pierre-Dupuy	2
#93DF10	1308076200	1584.06666666667	7	Pierre-Dupuy	Pierre-Dupuy	2
#93DF10	1310668200	2647.77419354839	7	Pierre-Dupuy	Pierre-Dupuy	2
#93DF10	1313346600	1743.74193548387	7	Pierre-Dupuy	Pierre-Dupuy	2
#93DF10	1316025000	1483.73333333333	7	Pierre-Dupuy	Pierre-Dupuy	2
#93DF10	1318617000	648.258064516129	7	Pierre-Dupuy	Pierre-Dupuy	2
#93DF10	1321295400	413	7	Pierre-Dupuy	Pierre-Dupuy	2
#93DF10	1326565800	6.4	7	Pierre-Dupuy	Pierre-Dupuy	2
#93DF10	1329244200	8.27586206896552	7	Pierre-Dupuy	Pierre-Dupuy	2
#93DF10	1331749800	265.36	7	Pierre-Dupuy	Pierre-Dupuy	2
#93DF10	1334428200	539.833333333333	7	Pierre-Dupuy	Pierre-Dupuy	2
#93DF10	1337020200	1617.09677419355	7	Pierre-Dupuy	Pierre-Dupuy	2
#93DF10	1339698600	1768.1	7	Pierre-Dupuy	Pierre-Dupuy	2
#93DF10	1342290600	2581.70967741936	7	Pierre-Dupuy	Pierre-Dupuy	2
#93DF10	1344969000	1857.51612903226	7	Pierre-Dupuy	Pierre-Dupuy	2
#93DF10	1347647400	1410.93333333333	7	Pierre-Dupuy	Pierre-Dupuy	2
#93DF10	1350239400	636.967741935484	7	Pierre-Dupuy	Pierre-Dupuy	2
#93DF10	1352917800	148.6	7	Pierre-Dupuy	Pierre-Dupuy	2
#93DF10	1358188200	2.77777777777778	7	Pierre-Dupuy	Pierre-Dupuy	2
#93DF10	1360866600	6.125	7	Pierre-Dupuy	Pierre-Dupuy	2
#93DF10	1363285800	61.0967741935484	7	Pierre-Dupuy	Pierre-Dupuy	2
#93DF10	1365964200	681.333333333333	7	Pierre-Dupuy	Pierre-Dupuy	2
#93DF10	1368556200	1699.03225806452	7	Pierre-Dupuy	Pierre-Dupuy	2
#93DF10	1371234600	1655.76666666667	7	Pierre-Dupuy	Pierre-Dupuy	2
#93DF10	1373826600	2621.48387096774	7	Pierre-Dupuy	Pierre-Dupuy	2
#93DF10	1376505000	2224.48387096774	7	Pierre-Dupuy	Pierre-Dupuy	2
#93DF10	1379183400	1434.94444444444	7	Pierre-Dupuy	Pierre-Dupuy	2
#F58AC1	1287081000	2169.1724137931	8	Rachel	Rachel	2
#F58AC1	1289759400	1464.3	8	Rachel	Rachel	2
#F58AC1	1292351400	177.689655172414	8	Rachel	Rachel	2
#F58AC1	1295029800	114.357142857143	8	Rachel	Rachel	2
#F58AC1	1297708200	93.25	8	Rachel	Rachel	2
#F58AC1	1300127400	340.2	8	Rachel	Rachel	2
#F58AC1	1302805800	1691.8	8	Rachel	Rachel	2
#F58AC1	1305397800	3219.58064516129	8	Rachel	Rachel	2
#F58AC1	1308076200	4534.63333333333	8	Rachel	Rachel	2
#F58AC1	1310668200	4703.51612903226	8	Rachel	Rachel	2
#F58AC1	1313346600	4568.03225806452	8	Rachel	Rachel	2
#F58AC1	1316025000	4318.26666666667	8	Rachel	Rachel	2
#F58AC1	1318617000	1095	8	Rachel	Rachel	2
#F58AC1	1326565800	71.25	8	Rachel	Rachel	2
#F58AC1	1329244200	4.29411764705882	8	Rachel	Rachel	2
#F58AC1	1331749800	979.148148148148	8	Rachel	Rachel	2
#F58AC1	1334428200	2391.96666666667	8	Rachel	Rachel	2
#F58AC1	1337020200	4180.32258064516	8	Rachel	Rachel	2
#F58AC1	1339698600	4884.33333333333	8	Rachel	Rachel	2
#F58AC1	1342290600	4861.38709677419	8	Rachel	Rachel	2
#F58AC1	1344969000	4431.51612903226	8	Rachel	Rachel	2
#F58AC1	1347647400	4125.23333333333	8	Rachel	Rachel	2
#F58AC1	1350239400	3030.93548387097	8	Rachel	Rachel	2
#F58AC1	1352917800	1891	8	Rachel	Rachel	2
#F58AC1	1358188200	255.366666666667	8	Rachel	Rachel	2
#F58AC1	1360866600	287.928571428571	8	Rachel	Rachel	2
#F58AC1	1363285800	627.612903225807	8	Rachel	Rachel	2
#F58AC1	1365964200	2436.06666666667	8	Rachel	Rachel	2
#F58AC1	1368556200	4750.77419354839	8	Rachel	Rachel	2
#F58AC1	1371234600	4859.16666666667	8	Rachel	Rachel	2
#F58AC1	1373826600	5426.38709677419	8	Rachel	Rachel	2
#F58AC1	1376505000	5129.1935483871	8	Rachel	Rachel	2
#F58AC1	1379183400	4250.11111111111	8	Rachel	Rachel	2
#A77B7B	1231957800	359.193548387097	9	Saint-Urbain	Saint-Urbain	2
#A77B7B	1234636200	697.535714285714	9	Saint-Urbain	Saint-Urbain	2
#A77B7B	1237055400	1599	9	Saint-Urbain	Saint-Urbain	2
#A77B7B	1239733800	1693.26666666667	9	Saint-Urbain	Saint-Urbain	2
#A77B7B	1242325800	1844.12903225806	9	Saint-Urbain	Saint-Urbain	2
#A77B7B	1245004200	1985.5	9	Saint-Urbain	Saint-Urbain	2
#A77B7B	1247596200	2228.09677419355	9	Saint-Urbain	Saint-Urbain	2
#A77B7B	1250274600	2176.03225806452	9	Saint-Urbain	Saint-Urbain	2
#A77B7B	1252953000	2296.53333333333	9	Saint-Urbain	Saint-Urbain	2
#A77B7B	1255545000	1871.70967741936	9	Saint-Urbain	Saint-Urbain	2
#A77B7B	1258223400	1664.16666666667	9	Saint-Urbain	Saint-Urbain	2
#A77B7B	1260815400	712.838709677419	9	Saint-Urbain	Saint-Urbain	2
#A77B7B	1263493800	480.225806451613	9	Saint-Urbain	Saint-Urbain	2
#A77B7B	1266172200	404.892857142857	9	Saint-Urbain	Saint-Urbain	2
#A77B7B	1268591400	935.923076923077	9	Saint-Urbain	Saint-Urbain	2
#A77B7B	1271269800	2353.94117647059	9	Saint-Urbain	Saint-Urbain	2
#A77B7B	1273861800	2492.1935483871	9	Saint-Urbain	Saint-Urbain	2
#A77B7B	1276540200	2348.86666666667	9	Saint-Urbain	Saint-Urbain	2
#A77B7B	1279132200	2301.54838709677	9	Saint-Urbain	Saint-Urbain	2
#A77B7B	1281810600	2265.48387096774	9	Saint-Urbain	Saint-Urbain	2
#A77B7B	1284489000	2187.5	9	Saint-Urbain	Saint-Urbain	2
#A77B7B	1287081000	1739.83870967742	9	Saint-Urbain	Saint-Urbain	2
#A77B7B	1289759400	1433.82352941176	9	Saint-Urbain	Saint-Urbain	2
#D21BD5	1360866600	198.25	10	Totem_Laurier	Totem_Laurier	2
#D21BD5	1363285800	497.645161290323	10	Totem_Laurier	Totem_Laurier	2
#D21BD5	1365964200	1537.23333333333	10	Totem_Laurier	Totem_Laurier	2
#D21BD5	1368556200	2746.41935483871	10	Totem_Laurier	Totem_Laurier	2
#D21BD5	1371234600	2828.6	10	Totem_Laurier	Totem_Laurier	2
#D21BD5	1373826600	3238.38709677419	10	Totem_Laurier	Totem_Laurier	2
#D21BD5	1376505000	3162.70967741936	10	Totem_Laurier	Totem_Laurier	2
#D21BD5	1379183400	2888.77777777778	10	Totem_Laurier	Totem_Laurier	2
