colour	x	y	tooltip	clickSelects	showSelected1	PANEL	fill
#32D6BA	1231957800	100.322580645161	3110 cyclists counted at Berri in 31 days of January 2009 (mean 100 cyclists/day)	Berri	Berri	2	#32D6BA
#32D6BA	1234636200	159.678571428571	4471 cyclists counted at Berri in 28 days of February 2009 (mean 159 cyclists/day)	Berri	Berri	2	#32D6BA
#32D6BA	1237055400	300.392857142857	8411 cyclists counted at Berri in 28 days of March 2009 (mean 300 cyclists/day)	Berri	Berri	2	#32D6BA
#32D6BA	1239733800	2396.78571428571	33555 cyclists counted at Berri in 14 days of April 2009 (mean 2396 cyclists/day)	Berri	Berri	2	#32D6BA
#32D6BA	1242325800	2972.87096774194	92159 cyclists counted at Berri in 31 days of May 2009 (mean 2972 cyclists/day)	Berri	Berri	2	#32D6BA
#32D6BA	1245004200	3909.93333333333	117298 cyclists counted at Berri in 30 days of June 2009 (mean 3909 cyclists/day)	Berri	Berri	2	#32D6BA
#32D6BA	1247596200	4184.16129032258	129709 cyclists counted at Berri in 31 days of July 2009 (mean 4184 cyclists/day)	Berri	Berri	2	#32D6BA
#32D6BA	1250274600	3865.09677419355	119818 cyclists counted at Berri in 31 days of August 2009 (mean 3865 cyclists/day)	Berri	Berri	2	#32D6BA
#32D6BA	1252953000	3880.53333333333	116416 cyclists counted at Berri in 30 days of September 2009 (mean 3880 cyclists/day)	Berri	Berri	2	#32D6BA
#32D6BA	1255545000	1920.83870967742	59546 cyclists counted at Berri in 31 days of October 2009 (mean 1920 cyclists/day)	Berri	Berri	2	#32D6BA
#32D6BA	1258223400	1559.3	46779 cyclists counted at Berri in 30 days of November 2009 (mean 1559 cyclists/day)	Berri	Berri	2	#32D6BA
#32D6BA	1260815400	324	10044 cyclists counted at Berri in 31 days of December 2009 (mean 324 cyclists/day)	Berri	Berri	2	#32D6BA
#32D6BA	1263493800	198.129032258065	6142 cyclists counted at Berri in 31 days of January 2010 (mean 198 cyclists/day)	Berri	Berri	2	#32D6BA
#32D6BA	1266172200	244.785714285714	6854 cyclists counted at Berri in 28 days of February 2010 (mean 244 cyclists/day)	Berri	Berri	2	#32D6BA
#32D6BA	1268591400	919.387096774194	28501 cyclists counted at Berri in 31 days of March 2010 (mean 919 cyclists/day)	Berri	Berri	2	#32D6BA
#32D6BA	1271269800	2399.6	71988 cyclists counted at Berri in 30 days of April 2010 (mean 2399 cyclists/day)	Berri	Berri	2	#32D6BA
#32D6BA	1273861800	4258.03225806452	131999 cyclists counted at Berri in 31 days of May 2010 (mean 4258 cyclists/day)	Berri	Berri	2	#32D6BA
#32D6BA	1276540200	4720.43333333333	141613 cyclists counted at Berri in 30 days of June 2010 (mean 4720 cyclists/day)	Berri	Berri	2	#32D6BA
#32D6BA	1279132200	4836.61290322581	149935 cyclists counted at Berri in 31 days of July 2010 (mean 4836 cyclists/day)	Berri	Berri	2	#32D6BA
#32D6BA	1281810600	4402.83870967742	136488 cyclists counted at Berri in 31 days of August 2010 (mean 4402 cyclists/day)	Berri	Berri	2	#32D6BA
#32D6BA	1284489000	3809.5	114285 cyclists counted at Berri in 30 days of September 2010 (mean 3809 cyclists/day)	Berri	Berri	2	#32D6BA
#32D6BA	1287081000	2373.48387096774	73578 cyclists counted at Berri in 31 days of October 2010 (mean 2373 cyclists/day)	Berri	Berri	2	#32D6BA
#32D6BA	1289759400	1565.46666666667	46964 cyclists counted at Berri in 30 days of November 2010 (mean 1565 cyclists/day)	Berri	Berri	2	#32D6BA
#32D6BA	1292351400	216.387096774194	6708 cyclists counted at Berri in 31 days of December 2010 (mean 216 cyclists/day)	Berri	Berri	2	#32D6BA
#32D6BA	1295029800	192.322580645161	5962 cyclists counted at Berri in 31 days of January 2011 (mean 192 cyclists/day)	Berri	Berri	2	#32D6BA
#32D6BA	1297708200	178.035714285714	4985 cyclists counted at Berri in 28 days of February 2011 (mean 178 cyclists/day)	Berri	Berri	2	#32D6BA
#32D6BA	1300127400	355.451612903226	11019 cyclists counted at Berri in 31 days of March 2011 (mean 355 cyclists/day)	Berri	Berri	2	#32D6BA
#32D6BA	1302805800	1378.63157894737	26194 cyclists counted at Berri in 19 days of April 2011 (mean 1378 cyclists/day)	Berri	Berri	2	#32D6BA
#32D6BA	1305397800	5698.5	11397 cyclists counted at Berri in 2 days of May 2011 (mean 5698 cyclists/day)	Berri	Berri	2	#32D6BA
#32D6BA	1308076200	5206.7	156201 cyclists counted at Berri in 30 days of June 2011 (mean 5206 cyclists/day)	Berri	Berri	2	#32D6BA
#32D6BA	1310668200	4371.54838709678	135518 cyclists counted at Berri in 31 days of July 2011 (mean 4371 cyclists/day)	Berri	Berri	2	#32D6BA
#32D6BA	1313346600	4387.74193548387	136020 cyclists counted at Berri in 31 days of August 2011 (mean 4387 cyclists/day)	Berri	Berri	2	#32D6BA
#32D6BA	1316025000	4563.86666666667	136916 cyclists counted at Berri in 30 days of September 2011 (mean 4563 cyclists/day)	Berri	Berri	2	#32D6BA
#32D6BA	1318617000	856.666666666667	2570 cyclists counted at Berri in 3 days of October 2011 (mean 856 cyclists/day)	Berri	Berri	2	#32D6BA
#32D6BA	1326565800	158.548387096774	4915 cyclists counted at Berri in 31 days of January 2012 (mean 158 cyclists/day)	Berri	Berri	2	#32D6BA
#32D6BA	1329244200	231.448275862069	6712 cyclists counted at Berri in 29 days of February 2012 (mean 231 cyclists/day)	Berri	Berri	2	#32D6BA
#32D6BA	1331749800	846.096774193548	26229 cyclists counted at Berri in 31 days of March 2012 (mean 846 cyclists/day)	Berri	Berri	2	#32D6BA
#32D6BA	1334428200	2256.63333333333	67699 cyclists counted at Berri in 30 days of April 2012 (mean 2256 cyclists/day)	Berri	Berri	2	#32D6BA
#32D6BA	1337020200	4299.16129032258	133274 cyclists counted at Berri in 31 days of May 2012 (mean 4299 cyclists/day)	Berri	Berri	2	#32D6BA
#32D6BA	1339698600	4828.3	144849 cyclists counted at Berri in 30 days of June 2012 (mean 4828 cyclists/day)	Berri	Berri	2	#32D6BA
#32D6BA	1342290600	5243.93548387097	162562 cyclists counted at Berri in 31 days of July 2012 (mean 5243 cyclists/day)	Berri	Berri	2	#32D6BA
#32D6BA	1344969000	4813.77419354839	149227 cyclists counted at Berri in 31 days of August 2012 (mean 4813 cyclists/day)	Berri	Berri	2	#32D6BA
#32D6BA	1347647400	4235.36666666667	127061 cyclists counted at Berri in 30 days of September 2012 (mean 4235 cyclists/day)	Berri	Berri	2	#32D6BA
#32D6BA	1350239400	3057.83870967742	94793 cyclists counted at Berri in 31 days of October 2012 (mean 3057 cyclists/day)	Berri	Berri	2	#32D6BA
#32D6BA	1352917800	1608.8	8044 cyclists counted at Berri in 5 days of November 2012 (mean 1608 cyclists/day)	Berri	Berri	2	#32D6BA
#32D6BA	1358188200	208.733333333333	6262 cyclists counted at Berri in 30 days of January 2013 (mean 208 cyclists/day)	Berri	Berri	2	#32D6BA
#32D6BA	1360866600	226.857142857143	6352 cyclists counted at Berri in 28 days of February 2013 (mean 226 cyclists/day)	Berri	Berri	2	#32D6BA
#32D6BA	1363285800	482.806451612903	14967 cyclists counted at Berri in 31 days of March 2013 (mean 482 cyclists/day)	Berri	Berri	2	#32D6BA
#32D6BA	1365964200	2092.8	62784 cyclists counted at Berri in 30 days of April 2013 (mean 2092 cyclists/day)	Berri	Berri	2	#32D6BA
#32D6BA	1368556200	4269.64516129032	132359 cyclists counted at Berri in 31 days of May 2013 (mean 4269 cyclists/day)	Berri	Berri	2	#32D6BA
#32D6BA	1371234600	4232.76666666667	126983 cyclists counted at Berri in 30 days of June 2013 (mean 4232 cyclists/day)	Berri	Berri	2	#32D6BA
#32D6BA	1373826600	4944.77419354839	153288 cyclists counted at Berri in 31 days of July 2013 (mean 4944 cyclists/day)	Berri	Berri	2	#32D6BA
#32D6BA	1376505000	4582.51612903226	142058 cyclists counted at Berri in 31 days of August 2013 (mean 4582 cyclists/day)	Berri	Berri	2	#32D6BA
#32D6BA	1379183400	3942.88888888889	70972 cyclists counted at Berri in 18 days of September 2013 (mean 3942 cyclists/day)	Berri	Berri	2	#32D6BA
#7649C8	1247596200	5099.16	127479 cyclists counted at Br茅beuf in 25 days of July 2009 (mean 5099 cyclists/day)	Br茅beuf	Br茅beuf	2	#7649C8
#7649C8	1250274600	5225.83870967742	162001 cyclists counted at Br茅beuf in 31 days of August 2009 (mean 5225 cyclists/day)	Br茅beuf	Br茅beuf	2	#7649C8
#7649C8	1252953000	3999.9	119997 cyclists counted at Br茅beuf in 30 days of September 2009 (mean 3999 cyclists/day)	Br茅beuf	Br茅beuf	2	#7649C8
#7649C8	1255545000	1131.03225806452	35062 cyclists counted at Br茅beuf in 31 days of October 2009 (mean 1131 cyclists/day)	Br茅beuf	Br茅beuf	2	#7649C8
#7649C8	1258223400	921.133333333333	13817 cyclists counted at Br茅beuf in 15 days of November 2009 (mean 921 cyclists/day)	Br茅beuf	Br茅beuf	2	#7649C8
#7649C8	1271269800	2273.53333333333	34103 cyclists counted at Br茅beuf in 15 days of April 2010 (mean 2273 cyclists/day)	Br閎euf	Br閎euf	2	#7649C8
#7649C8	1276540200	4557.39285714286	127607 cyclists counted at Br茅beuf in 28 days of June 2010 (mean 4557 cyclists/day)	Br閎euf	Br閎euf	2	#7649C8
#7649C8	1279132200	4794.1935483871	148620 cyclists counted at Br茅beuf in 31 days of July 2010 (mean 4794 cyclists/day)	Br閎euf	Br閎euf	2	#7649C8
#7649C8	1281810600	4801.32258064516	148841 cyclists counted at Br茅beuf in 31 days of August 2010 (mean 4801 cyclists/day)	Br閎euf	Br閎euf	2	#7649C8
#7649C8	1284489000	3847.6	115428 cyclists counted at Br茅beuf in 30 days of September 2010 (mean 3847 cyclists/day)	Br閎euf	Br閎euf	2	#7649C8
#7649C8	1287081000	2472.51612903226	76648 cyclists counted at Br茅beuf in 31 days of October 2010 (mean 2472 cyclists/day)	Br閎euf	Br閎euf	2	#7649C8
#7649C8	1289759400	1891.1875	30259 cyclists counted at Br茅beuf in 16 days of November 2010 (mean 1891 cyclists/day)	Br閎euf	Br閎euf	2	#7649C8
#A799FF	1287081000	1041.62962962963	28124 cyclists counted at C么te-Sainte-Catherine in 27 days of October 2010 (mean 1041 cyclists/day)	C魌e-Sainte-Catherine	C魌e-Sainte-Catherine	2	#A799FF
#A799FF	1289759400	710.866666666667	21326 cyclists counted at C么te-Sainte-Catherine in 30 days of November 2010 (mean 710 cyclists/day)	C魌e-Sainte-Catherine	C魌e-Sainte-Catherine	2	#A799FF
#A799FF	1292351400	88.8888888888889	1600 cyclists counted at C么te-Sainte-Catherine in 18 days of December 2010 (mean 88 cyclists/day)	C魌e-Sainte-Catherine	C魌e-Sainte-Catherine	2	#A799FF
#A799FF	1295029800	9.38461538461539	244 cyclists counted at C么te-Sainte-Catherine in 26 days of January 2011 (mean 9 cyclists/day)	C么te-Sainte-Catherine	C么te-Sainte-Catherine	2	#A799FF
#A799FF	1297708200	33.3529411764706	567 cyclists counted at C么te-Sainte-Catherine in 17 days of February 2011 (mean 33 cyclists/day)	C么te-Sainte-Catherine	C么te-Sainte-Catherine	2	#A799FF
#A799FF	1300127400	122.875	2949 cyclists counted at C么te-Sainte-Catherine in 24 days of March 2011 (mean 122 cyclists/day)	C么te-Sainte-Catherine	C么te-Sainte-Catherine	2	#A799FF
#A799FF	1302805800	708.3	21249 cyclists counted at C么te-Sainte-Catherine in 30 days of April 2011 (mean 708 cyclists/day)	C么te-Sainte-Catherine	C么te-Sainte-Catherine	2	#A799FF
#A799FF	1305397800	1362.70967741936	42244 cyclists counted at C么te-Sainte-Catherine in 31 days of May 2011 (mean 1362 cyclists/day)	C么te-Sainte-Catherine	C么te-Sainte-Catherine	2	#A799FF
#A799FF	1308076200	1964.33333333333	58930 cyclists counted at C么te-Sainte-Catherine in 30 days of June 2011 (mean 1964 cyclists/day)	C么te-Sainte-Catherine	C么te-Sainte-Catherine	2	#A799FF
#A799FF	1310668200	1837.16129032258	56952 cyclists counted at C么te-Sainte-Catherine in 31 days of July 2011 (mean 1837 cyclists/day)	C么te-Sainte-Catherine	C么te-Sainte-Catherine	2	#A799FF
#A799FF	1313346600	1823.58064516129	56531 cyclists counted at C么te-Sainte-Catherine in 31 days of August 2011 (mean 1823 cyclists/day)	C么te-Sainte-Catherine	C么te-Sainte-Catherine	2	#A799FF
#A799FF	1316025000	1629.53333333333	48886 cyclists counted at C么te-Sainte-Catherine in 30 days of September 2011 (mean 1629 cyclists/day)	C么te-Sainte-Catherine	C么te-Sainte-Catherine	2	#A799FF
#A799FF	1318617000	495.777777777778	8924 cyclists counted at C么te-Sainte-Catherine in 18 days of October 2011 (mean 495 cyclists/day)	C么te-Sainte-Catherine	C么te-Sainte-Catherine	2	#A799FF
#A799FF	1326565800	2	38 cyclists counted at C么te-Sainte-Catherine in 19 days of January 2012 (mean 2 cyclists/day)	C么te-Sainte-Catherine	C么te-Sainte-Catherine	2	#A799FF
#A799FF	1329244200	3.64285714285714	51 cyclists counted at C么te-Sainte-Catherine in 14 days of February 2012 (mean 3 cyclists/day)	C么te-Sainte-Catherine	C么te-Sainte-Catherine	2	#A799FF
#A799FF	1331749800	421.777777777778	11388 cyclists counted at C么te-Sainte-Catherine in 27 days of March 2012 (mean 421 cyclists/day)	C么te-Sainte-Catherine	C么te-Sainte-Catherine	2	#A799FF
#A799FF	1334428200	971.233333333333	29137 cyclists counted at C么te-Sainte-Catherine in 30 days of April 2012 (mean 971 cyclists/day)	C么te-Sainte-Catherine	C么te-Sainte-Catherine	2	#A799FF
#A799FF	1337020200	1753.54838709677	54360 cyclists counted at C么te-Sainte-Catherine in 31 days of May 2012 (mean 1753 cyclists/day)	C么te-Sainte-Catherine	C么te-Sainte-Catherine	2	#A799FF
#A799FF	1339698600	1960.86666666667	58826 cyclists counted at C么te-Sainte-Catherine in 30 days of June 2012 (mean 1960 cyclists/day)	C么te-Sainte-Catherine	C么te-Sainte-Catherine	2	#A799FF
#A799FF	1342290600	1924.41935483871	59657 cyclists counted at C么te-Sainte-Catherine in 31 days of July 2012 (mean 1924 cyclists/day)	C么te-Sainte-Catherine	C么te-Sainte-Catherine	2	#A799FF
#A799FF	1344969000	1986.74193548387	61589 cyclists counted at C么te-Sainte-Catherine in 31 days of August 2012 (mean 1986 cyclists/day)	C么te-Sainte-Catherine	C么te-Sainte-Catherine	2	#A799FF
#A799FF	1347647400	1932.86666666667	57986 cyclists counted at C么te-Sainte-Catherine in 30 days of September 2012 (mean 1932 cyclists/day)	C么te-Sainte-Catherine	C么te-Sainte-Catherine	2	#A799FF
#A799FF	1350239400	1463.41935483871	45366 cyclists counted at C么te-Sainte-Catherine in 31 days of October 2012 (mean 1463 cyclists/day)	C么te-Sainte-Catherine	C么te-Sainte-Catherine	2	#A799FF
#A799FF	1352917800	788.2	3941 cyclists counted at C么te-Sainte-Catherine in 5 days of November 2012 (mean 788 cyclists/day)	C么te-Sainte-Catherine	C么te-Sainte-Catherine	2	#A799FF
#A799FF	1358188200	19.0588235294118	324 cyclists counted at C么te-Sainte-Catherine in 17 days of January 2013 (mean 19 cyclists/day)	C么te-Sainte-Catherine	C么te-Sainte-Catherine	2	#A799FF
#A799FF	1360866600	5.25	84 cyclists counted at C么te-Sainte-Catherine in 16 days of February 2013 (mean 5 cyclists/day)	C么te-Sainte-Catherine	C么te-Sainte-Catherine	2	#A799FF
#A799FF	1363285800	177.464285714286	4969 cyclists counted at C么te-Sainte-Catherine in 28 days of March 2013 (mean 177 cyclists/day)	C么te-Sainte-Catherine	C么te-Sainte-Catherine	2	#A799FF
#A799FF	1365964200	1060.8	31824 cyclists counted at C么te-Sainte-Catherine in 30 days of April 2013 (mean 1060 cyclists/day)	C么te-Sainte-Catherine	C么te-Sainte-Catherine	2	#A799FF
#A799FF	1368556200	2007.38709677419	62229 cyclists counted at C么te-Sainte-Catherine in 31 days of May 2013 (mean 2007 cyclists/day)	C么te-Sainte-Catherine	C么te-Sainte-Catherine	2	#A799FF
#A799FF	1371234600	1861.76666666667	55853 cyclists counted at C么te-Sainte-Catherine in 30 days of June 2013 (mean 1861 cyclists/day)	C么te-Sainte-Catherine	C么te-Sainte-Catherine	2	#A799FF
#A799FF	1373826600	1996.51612903226	61892 cyclists counted at C么te-Sainte-Catherine in 31 days of July 2013 (mean 1996 cyclists/day)	C么te-Sainte-Catherine	C么te-Sainte-Catherine	2	#A799FF
#A799FF	1376505000	1949.03225806452	60420 cyclists counted at C么te-Sainte-Catherine in 31 days of August 2013 (mean 1949 cyclists/day)	C么te-Sainte-Catherine	C么te-Sainte-Catherine	2	#A799FF
#A799FF	1379183400	2295	41310 cyclists counted at C么te-Sainte-Catherine in 18 days of September 2013 (mean 2295 cyclists/day)	C么te-Sainte-Catherine	C么te-Sainte-Catherine	2	#A799FF
#0591F5	1245004200	2004	46092 cyclists counted at Maisonneuve 1 in 23 days of June 2009 (mean 2004 cyclists/day)	Maisonneuve 1	Maisonneuve 1	2	#0591F5
#0591F5	1247596200	2234	17872 cyclists counted at Maisonneuve 1 in 8 days of July 2009 (mean 2234 cyclists/day)	Maisonneuve 1	Maisonneuve 1	2	#0591F5
#0591F5	1250274600	1886.12903225806	58470 cyclists counted at Maisonneuve 1 in 31 days of August 2009 (mean 1886 cyclists/day)	Maisonneuve 1	Maisonneuve 1	2	#0591F5
#0591F5	1252953000	1572.17857142857	44021 cyclists counted at Maisonneuve 1 in 28 days of September 2009 (mean 1572 cyclists/day)	Maisonneuve 1	Maisonneuve 1	2	#0591F5
#0591F5	1255545000	720.5	21615 cyclists counted at Maisonneuve 1 in 30 days of October 2009 (mean 720 cyclists/day)	Maisonneuve 1	Maisonneuve 1	2	#0591F5
#0591F5	1258223400	817.566666666667	24527 cyclists counted at Maisonneuve 1 in 30 days of November 2009 (mean 817 cyclists/day)	Maisonneuve 1	Maisonneuve 1	2	#0591F5
#0591F5	1260815400	171.935483870968	5330 cyclists counted at Maisonneuve 1 in 31 days of December 2009 (mean 171 cyclists/day)	Maisonneuve 1	Maisonneuve 1	2	#0591F5
#0591F5	1263493800	109.516129032258	3395 cyclists counted at Maisonneuve 1 in 31 days of January 2010 (mean 109 cyclists/day)	Maisonneuve 1	Maisonneuve 1	2	#0591F5
#0591F5	1266172200	147.607142857143	4133 cyclists counted at Maisonneuve 1 in 28 days of February 2010 (mean 147 cyclists/day)	Maisonneuve 1	Maisonneuve 1	2	#0591F5
#0591F5	1268591400	583.129032258065	18077 cyclists counted at Maisonneuve 1 in 31 days of March 2010 (mean 583 cyclists/day)	Maisonneuve 1	Maisonneuve 1	2	#0591F5
#0591F5	1271269800	1411.13333333333	42334 cyclists counted at Maisonneuve 1 in 30 days of April 2010 (mean 1411 cyclists/day)	Maisonneuve 1	Maisonneuve 1	2	#0591F5
#0591F5	1273861800	2566.22580645161	79553 cyclists counted at Maisonneuve 1 in 31 days of May 2010 (mean 2566 cyclists/day)	Maisonneuve 1	Maisonneuve 1	2	#0591F5
#0591F5	1276540200	3026.53333333333	90796 cyclists counted at Maisonneuve 1 in 30 days of June 2010 (mean 3026 cyclists/day)	Maisonneuve 1	Maisonneuve 1	2	#0591F5
#0591F5	1279132200	3006.51612903226	93202 cyclists counted at Maisonneuve 1 in 31 days of July 2010 (mean 3006 cyclists/day)	Maisonneuve 1	Maisonneuve 1	2	#0591F5
#0591F5	1281810600	2289.8	34347 cyclists counted at Maisonneuve 1 in 15 days of August 2010 (mean 2289 cyclists/day)	Maisonneuve 1	Maisonneuve 1	2	#0591F5
#0591F5	1287081000	1482.45833333333	35579 cyclists counted at Maisonneuve 1 in 24 days of October 2010 (mean 1482 cyclists/day)	Maisonneuve 1	Maisonneuve 1	2	#0591F5
#0591F5	1289759400	1021.7	30651 cyclists counted at Maisonneuve 1 in 30 days of November 2010 (mean 1021 cyclists/day)	Maisonneuve 1	Maisonneuve 1	2	#0591F5
#0591F5	1292351400	142.548387096774	4419 cyclists counted at Maisonneuve 1 in 31 days of December 2010 (mean 142 cyclists/day)	Maisonneuve 1	Maisonneuve 1	2	#0591F5
#0591F5	1295029800	115.516129032258	3581 cyclists counted at Maisonneuve 1 in 31 days of January 2011 (mean 115 cyclists/day)	Maisonneuve 1	Maisonneuve 1	2	#0591F5
#0591F5	1297708200	101.214285714286	2834 cyclists counted at Maisonneuve 1 in 28 days of February 2011 (mean 101 cyclists/day)	Maisonneuve 1	Maisonneuve 1	2	#0591F5
#0591F5	1300127400	210.645161290323	6530 cyclists counted at Maisonneuve 1 in 31 days of March 2011 (mean 210 cyclists/day)	Maisonneuve 1	Maisonneuve 1	2	#0591F5
#0591F5	1302805800	1025.63333333333	30769 cyclists counted at Maisonneuve 1 in 30 days of April 2011 (mean 1025 cyclists/day)	Maisonneuve 1	Maisonneuve 1	2	#0591F5
#0591F5	1305397800	2308.16129032258	71553 cyclists counted at Maisonneuve 1 in 31 days of May 2011 (mean 2308 cyclists/day)	Maisonneuve 1	Maisonneuve 1	2	#0591F5
#0591F5	1308076200	3598.83333333333	107965 cyclists counted at Maisonneuve 1 in 30 days of June 2011 (mean 3598 cyclists/day)	Maisonneuve 1	Maisonneuve 1	2	#0591F5
#0591F5	1310668200	3375.74193548387	104648 cyclists counted at Maisonneuve 1 in 31 days of July 2011 (mean 3375 cyclists/day)	Maisonneuve 1	Maisonneuve 1	2	#0591F5
#0591F5	1313346600	3046.70967741935	94448 cyclists counted at Maisonneuve 1 in 31 days of August 2011 (mean 3046 cyclists/day)	Maisonneuve 1	Maisonneuve 1	2	#0591F5
#0591F5	1316025000	3021.7	90651 cyclists counted at Maisonneuve 1 in 30 days of September 2011 (mean 3021 cyclists/day)	Maisonneuve 1	Maisonneuve 1	2	#0591F5
#0591F5	1318617000	1894.96774193548	58744 cyclists counted at Maisonneuve 1 in 31 days of October 2011 (mean 1894 cyclists/day)	Maisonneuve 1	Maisonneuve 1	2	#0591F5
#0591F5	1321295400	2148	6444 cyclists counted at Maisonneuve 1 in 3 days of November 2011 (mean 2148 cyclists/day)	Maisonneuve 1	Maisonneuve 1	2	#0591F5
#0591F5	1326565800	106.709677419355	3308 cyclists counted at Maisonneuve 1 in 31 days of January 2012 (mean 106 cyclists/day)	Maisonneuve 1	Maisonneuve 1	2	#0591F5
#0591F5	1329244200	157.689655172414	4573 cyclists counted at Maisonneuve 1 in 29 days of February 2012 (mean 157 cyclists/day)	Maisonneuve 1	Maisonneuve 1	2	#0591F5
#0591F5	1331749800	586.903225806452	18194 cyclists counted at Maisonneuve 1 in 31 days of March 2012 (mean 586 cyclists/day)	Maisonneuve 1	Maisonneuve 1	2	#0591F5
#0591F5	1334428200	1643.73333333333	49312 cyclists counted at Maisonneuve 1 in 30 days of April 2012 (mean 1643 cyclists/day)	Maisonneuve 1	Maisonneuve 1	2	#0591F5
#0591F5	1337020200	3039.48387096774	94224 cyclists counted at Maisonneuve 1 in 31 days of May 2012 (mean 3039 cyclists/day)	Maisonneuve 1	Maisonneuve 1	2	#0591F5
#0591F5	1339698600	3173.76666666667	95213 cyclists counted at Maisonneuve 1 in 30 days of June 2012 (mean 3173 cyclists/day)	Maisonneuve 1	Maisonneuve 1	2	#0591F5
#0591F5	1342290600	3289.32258064516	101969 cyclists counted at Maisonneuve 1 in 31 days of July 2012 (mean 3289 cyclists/day)	Maisonneuve 1	Maisonneuve 1	2	#0591F5
#0591F5	1344969000	3068.06451612903	95110 cyclists counted at Maisonneuve 1 in 31 days of August 2012 (mean 3068 cyclists/day)	Maisonneuve 1	Maisonneuve 1	2	#0591F5
#0591F5	1347647400	2784.66666666667	83540 cyclists counted at Maisonneuve 1 in 30 days of September 2012 (mean 2784 cyclists/day)	Maisonneuve 1	Maisonneuve 1	2	#0591F5
#0591F5	1350239400	2050.03225806452	63551 cyclists counted at Maisonneuve 1 in 31 days of October 2012 (mean 2050 cyclists/day)	Maisonneuve 1	Maisonneuve 1	2	#0591F5
#0591F5	1352917800	1167.4	5837 cyclists counted at Maisonneuve 1 in 5 days of November 2012 (mean 1167 cyclists/day)	Maisonneuve 1	Maisonneuve 1	2	#0591F5
#0591F5	1358188200	121.709677419355	3773 cyclists counted at Maisonneuve 1 in 31 days of January 2013 (mean 121 cyclists/day)	Maisonneuve 1	Maisonneuve 1	2	#0591F5
#0591F5	1360866600	146.535714285714	4103 cyclists counted at Maisonneuve 1 in 28 days of February 2013 (mean 146 cyclists/day)	Maisonneuve 1	Maisonneuve 1	2	#0591F5
#0591F5	1363285800	320.161290322581	9925 cyclists counted at Maisonneuve 1 in 31 days of March 2013 (mean 320 cyclists/day)	Maisonneuve 1	Maisonneuve 1	2	#0591F5
#0591F5	1365964200	1396.23333333333	41887 cyclists counted at Maisonneuve 1 in 30 days of April 2013 (mean 1396 cyclists/day)	Maisonneuve 1	Maisonneuve 1	2	#0591F5
#0591F5	1368556200	2947.16129032258	91362 cyclists counted at Maisonneuve 1 in 31 days of May 2013 (mean 2947 cyclists/day)	Maisonneuve 1	Maisonneuve 1	2	#0591F5
#0591F5	1371234600	2731.86666666667	81956 cyclists counted at Maisonneuve 1 in 30 days of June 2013 (mean 2731 cyclists/day)	Maisonneuve 1	Maisonneuve 1	2	#0591F5
#0591F5	1373826600	2961.38709677419	91803 cyclists counted at Maisonneuve 1 in 31 days of July 2013 (mean 2961 cyclists/day)	Maisonneuve 1	Maisonneuve 1	2	#0591F5
#0591F5	1376505000	2806.03225806452	86987 cyclists counted at Maisonneuve 1 in 31 days of August 2013 (mean 2806 cyclists/day)	Maisonneuve 1	Maisonneuve 1	2	#0591F5
#0591F5	1379183400	2607.5	46935 cyclists counted at Maisonneuve 1 in 18 days of September 2013 (mean 2607 cyclists/day)	Maisonneuve 1	Maisonneuve 1	2	#0591F5
#FC9D31	1245004200	3591.30434782609	82600 cyclists counted at Maisonneuve 2 in 23 days of June 2009 (mean 3591 cyclists/day)	Maisonneuve 2	Maisonneuve 2	2	#FC9D31
#FC9D31	1247596200	3944.41935483871	122277 cyclists counted at Maisonneuve 2 in 31 days of July 2009 (mean 3944 cyclists/day)	Maisonneuve 2	Maisonneuve 2	2	#FC9D31
#FC9D31	1250274600	3919.67741935484	121510 cyclists counted at Maisonneuve 2 in 31 days of August 2009 (mean 3919 cyclists/day)	Maisonneuve 2	Maisonneuve 2	2	#FC9D31
#FC9D31	1252953000	4445.5	133365 cyclists counted at Maisonneuve 2 in 30 days of September 2009 (mean 4445 cyclists/day)	Maisonneuve 2	Maisonneuve 2	2	#FC9D31
#FC9D31	1255545000	2535.45161290323	78599 cyclists counted at Maisonneuve 2 in 31 days of October 2009 (mean 2535 cyclists/day)	Maisonneuve 2	Maisonneuve 2	2	#FC9D31
#FC9D31	1258223400	2050.76666666667	61523 cyclists counted at Maisonneuve 2 in 30 days of November 2009 (mean 2050 cyclists/day)	Maisonneuve 2	Maisonneuve 2	2	#FC9D31
#FC9D31	1260815400	456.161290322581	14141 cyclists counted at Maisonneuve 2 in 31 days of December 2009 (mean 456 cyclists/day)	Maisonneuve 2	Maisonneuve 2	2	#FC9D31
#FC9D31	1263493800	301.774193548387	9355 cyclists counted at Maisonneuve 2 in 31 days of January 2010 (mean 301 cyclists/day)	Maisonneuve 2	Maisonneuve 2	2	#FC9D31
#FC9D31	1266172200	344.821428571429	9655 cyclists counted at Maisonneuve 2 in 28 days of February 2010 (mean 344 cyclists/day)	Maisonneuve 2	Maisonneuve 2	2	#FC9D31
#FC9D31	1268591400	1270.09677419355	39373 cyclists counted at Maisonneuve 2 in 31 days of March 2010 (mean 1270 cyclists/day)	Maisonneuve 2	Maisonneuve 2	2	#FC9D31
#FC9D31	1271269800	2718.26666666667	81548 cyclists counted at Maisonneuve 2 in 30 days of April 2010 (mean 2718 cyclists/day)	Maisonneuve 2	Maisonneuve 2	2	#FC9D31
#FC9D31	1273861800	4613.87096774194	143030 cyclists counted at Maisonneuve 2 in 31 days of May 2010 (mean 4613 cyclists/day)	Maisonneuve 2	Maisonneuve 2	2	#FC9D31
#FC9D31	1276540200	4868.9	146067 cyclists counted at Maisonneuve 2 in 30 days of June 2010 (mean 4868 cyclists/day)	Maisonneuve 2	Maisonneuve 2	2	#FC9D31
#FC9D31	1279132200	5217.8064516129	161752 cyclists counted at Maisonneuve 2 in 31 days of July 2010 (mean 5217 cyclists/day)	Maisonneuve 2	Maisonneuve 2	2	#FC9D31
#FC9D31	1281810600	4910.1935483871	152216 cyclists counted at Maisonneuve 2 in 31 days of August 2010 (mean 4910 cyclists/day)	Maisonneuve 2	Maisonneuve 2	2	#FC9D31
#FC9D31	1284489000	4559.83333333333	136795 cyclists counted at Maisonneuve 2 in 30 days of September 2010 (mean 4559 cyclists/day)	Maisonneuve 2	Maisonneuve 2	2	#FC9D31
#FC9D31	1287081000	3126.58064516129	96924 cyclists counted at Maisonneuve 2 in 31 days of October 2010 (mean 3126 cyclists/day)	Maisonneuve 2	Maisonneuve 2	2	#FC9D31
#FC9D31	1289759400	2085.76666666667	62573 cyclists counted at Maisonneuve 2 in 30 days of November 2010 (mean 2085 cyclists/day)	Maisonneuve 2	Maisonneuve 2	2	#FC9D31
#FC9D31	1292351400	330.41935483871	10243 cyclists counted at Maisonneuve 2 in 31 days of December 2010 (mean 330 cyclists/day)	Maisonneuve 2	Maisonneuve 2	2	#FC9D31
#FC9D31	1295029800	305.903225806452	9483 cyclists counted at Maisonneuve 2 in 31 days of January 2011 (mean 305 cyclists/day)	Maisonneuve 2	Maisonneuve 2	2	#FC9D31
#FC9D31	1297708200	271.214285714286	7594 cyclists counted at Maisonneuve 2 in 28 days of February 2011 (mean 271 cyclists/day)	Maisonneuve 2	Maisonneuve 2	2	#FC9D31
#FC9D31	1300127400	587.41935483871	18210 cyclists counted at Maisonneuve 2 in 31 days of March 2011 (mean 587 cyclists/day)	Maisonneuve 2	Maisonneuve 2	2	#FC9D31
#FC9D31	1302805800	2034.56666666667	61037 cyclists counted at Maisonneuve 2 in 30 days of April 2011 (mean 2034 cyclists/day)	Maisonneuve 2	Maisonneuve 2	2	#FC9D31
#FC9D31	1305397800	4137.74193548387	128270 cyclists counted at Maisonneuve 2 in 31 days of May 2011 (mean 4137 cyclists/day)	Maisonneuve 2	Maisonneuve 2	2	#FC9D31
#FC9D31	1308076200	5905.7	177171 cyclists counted at Maisonneuve 2 in 30 days of June 2011 (mean 5905 cyclists/day)	Maisonneuve 2	Maisonneuve 2	2	#FC9D31
#FC9D31	1310668200	6106.25806451613	189294 cyclists counted at Maisonneuve 2 in 31 days of July 2011 (mean 6106 cyclists/day)	Maisonneuve 2	Maisonneuve 2	2	#FC9D31
#FC9D31	1313346600	5573.16129032258	172768 cyclists counted at Maisonneuve 2 in 31 days of August 2011 (mean 5573 cyclists/day)	Maisonneuve 2	Maisonneuve 2	2	#FC9D31
#FC9D31	1316025000	5666.93333333333	170008 cyclists counted at Maisonneuve 2 in 30 days of September 2011 (mean 5666 cyclists/day)	Maisonneuve 2	Maisonneuve 2	2	#FC9D31
#FC9D31	1318617000	3630.38709677419	112542 cyclists counted at Maisonneuve 2 in 31 days of October 2011 (mean 3630 cyclists/day)	Maisonneuve 2	Maisonneuve 2	2	#FC9D31
#FC9D31	1321295400	4193.66666666667	12581 cyclists counted at Maisonneuve 2 in 3 days of November 2011 (mean 4193 cyclists/day)	Maisonneuve 2	Maisonneuve 2	2	#FC9D31
#FC9D31	1326565800	249.58064516129	7737 cyclists counted at Maisonneuve 2 in 31 days of January 2012 (mean 249 cyclists/day)	Maisonneuve 2	Maisonneuve 2	2	#FC9D31
#FC9D31	1329244200	352.620689655172	10226 cyclists counted at Maisonneuve 2 in 29 days of February 2012 (mean 352 cyclists/day)	Maisonneuve 2	Maisonneuve 2	2	#FC9D31
#FC9D31	1331749800	1152.77419354839	35736 cyclists counted at Maisonneuve 2 in 31 days of March 2012 (mean 1152 cyclists/day)	Maisonneuve 2	Maisonneuve 2	2	#FC9D31
#FC9D31	1334428200	2859.53333333333	85786 cyclists counted at Maisonneuve 2 in 30 days of April 2012 (mean 2859 cyclists/day)	Maisonneuve 2	Maisonneuve 2	2	#FC9D31
#FC9D31	1337020200	4987.38709677419	154609 cyclists counted at Maisonneuve 2 in 31 days of May 2012 (mean 4987 cyclists/day)	Maisonneuve 2	Maisonneuve 2	2	#FC9D31
#FC9D31	1339698600	5640.9	169227 cyclists counted at Maisonneuve 2 in 30 days of June 2012 (mean 5640 cyclists/day)	Maisonneuve 2	Maisonneuve 2	2	#FC9D31
#FC9D31	1342290600	5892.67741935484	182673 cyclists counted at Maisonneuve 2 in 31 days of July 2012 (mean 5892 cyclists/day)	Maisonneuve 2	Maisonneuve 2	2	#FC9D31
#FC9D31	1344969000	5437.29032258065	168556 cyclists counted at Maisonneuve 2 in 31 days of August 2012 (mean 5437 cyclists/day)	Maisonneuve 2	Maisonneuve 2	2	#FC9D31
#FC9D31	1347647400	4909.23333333333	147277 cyclists counted at Maisonneuve 2 in 30 days of September 2012 (mean 4909 cyclists/day)	Maisonneuve 2	Maisonneuve 2	2	#FC9D31
#FC9D31	1350239400	3721.29032258065	115360 cyclists counted at Maisonneuve 2 in 31 days of October 2012 (mean 3721 cyclists/day)	Maisonneuve 2	Maisonneuve 2	2	#FC9D31
#FC9D31	1352917800	2198.8	10994 cyclists counted at Maisonneuve 2 in 5 days of November 2012 (mean 2198 cyclists/day)	Maisonneuve 2	Maisonneuve 2	2	#FC9D31
#FC9D31	1358188200	303.034482758621	8788 cyclists counted at Maisonneuve 2 in 29 days of January 2013 (mean 303 cyclists/day)	Maisonneuve 2	Maisonneuve 2	2	#FC9D31
#FC9D31	1360866600	317.714285714286	8896 cyclists counted at Maisonneuve 2 in 28 days of February 2013 (mean 317 cyclists/day)	Maisonneuve 2	Maisonneuve 2	2	#FC9D31
#FC9D31	1363285800	678.096774193548	21021 cyclists counted at Maisonneuve 2 in 31 days of March 2013 (mean 678 cyclists/day)	Maisonneuve 2	Maisonneuve 2	2	#FC9D31
#FC9D31	1365964200	2520.4	75612 cyclists counted at Maisonneuve 2 in 30 days of April 2013 (mean 2520 cyclists/day)	Maisonneuve 2	Maisonneuve 2	2	#FC9D31
#FC9D31	1368556200	5087.45161290323	157711 cyclists counted at Maisonneuve 2 in 31 days of May 2013 (mean 5087 cyclists/day)	Maisonneuve 2	Maisonneuve 2	2	#FC9D31
#FC9D31	1371234600	4919.93333333333	147598 cyclists counted at Maisonneuve 2 in 30 days of June 2013 (mean 4919 cyclists/day)	Maisonneuve 2	Maisonneuve 2	2	#FC9D31
#FC9D31	1373826600	5622.29032258065	174291 cyclists counted at Maisonneuve 2 in 31 days of July 2013 (mean 5622 cyclists/day)	Maisonneuve 2	Maisonneuve 2	2	#FC9D31
#FC9D31	1376505000	5200.48387096774	161215 cyclists counted at Maisonneuve 2 in 31 days of August 2013 (mean 5200 cyclists/day)	Maisonneuve 2	Maisonneuve 2	2	#FC9D31
#FC9D31	1379183400	4798.11111111111	86366 cyclists counted at Maisonneuve 2 in 18 days of September 2013 (mean 4798 cyclists/day)	Maisonneuve 2	Maisonneuve 2	2	#FC9D31
#93DF10	1287081000	429.541666666667	10309 cyclists counted at Pierre-Dupuy in 24 days of October 2010 (mean 429 cyclists/day)	Pierre-Dupuy	Pierre-Dupuy	2	#93DF10
#93DF10	1289759400	142.933333333333	4288 cyclists counted at Pierre-Dupuy in 30 days of November 2010 (mean 142 cyclists/day)	Pierre-Dupuy	Pierre-Dupuy	2	#93DF10
#93DF10	1292351400	31.375	251 cyclists counted at Pierre-Dupuy in 8 days of December 2010 (mean 31 cyclists/day)	Pierre-Dupuy	Pierre-Dupuy	2	#93DF10
#93DF10	1295029800	2.26086956521739	52 cyclists counted at Pierre-Dupuy in 23 days of January 2011 (mean 2 cyclists/day)	Pierre-Dupuy	Pierre-Dupuy	2	#93DF10
#93DF10	1297708200	1.375	11 cyclists counted at Pierre-Dupuy in 8 days of February 2011 (mean 1 cyclists/day)	Pierre-Dupuy	Pierre-Dupuy	2	#93DF10
#93DF10	1300127400	4.45454545454545	49 cyclists counted at Pierre-Dupuy in 11 days of March 2011 (mean 4 cyclists/day)	Pierre-Dupuy	Pierre-Dupuy	2	#93DF10
#93DF10	1302805800	520.166666666667	15605 cyclists counted at Pierre-Dupuy in 30 days of April 2011 (mean 520 cyclists/day)	Pierre-Dupuy	Pierre-Dupuy	2	#93DF10
#93DF10	1305397800	1233.8064516129	38248 cyclists counted at Pierre-Dupuy in 31 days of May 2011 (mean 1233 cyclists/day)	Pierre-Dupuy	Pierre-Dupuy	2	#93DF10
#93DF10	1308076200	1584.06666666667	47522 cyclists counted at Pierre-Dupuy in 30 days of June 2011 (mean 1584 cyclists/day)	Pierre-Dupuy	Pierre-Dupuy	2	#93DF10
#93DF10	1310668200	2647.77419354839	82081 cyclists counted at Pierre-Dupuy in 31 days of July 2011 (mean 2647 cyclists/day)	Pierre-Dupuy	Pierre-Dupuy	2	#93DF10
#93DF10	1313346600	1743.74193548387	54056 cyclists counted at Pierre-Dupuy in 31 days of August 2011 (mean 1743 cyclists/day)	Pierre-Dupuy	Pierre-Dupuy	2	#93DF10
#93DF10	1316025000	1483.73333333333	44512 cyclists counted at Pierre-Dupuy in 30 days of September 2011 (mean 1483 cyclists/day)	Pierre-Dupuy	Pierre-Dupuy	2	#93DF10
#93DF10	1318617000	648.258064516129	20096 cyclists counted at Pierre-Dupuy in 31 days of October 2011 (mean 648 cyclists/day)	Pierre-Dupuy	Pierre-Dupuy	2	#93DF10
#93DF10	1321295400	413	1239 cyclists counted at Pierre-Dupuy in 3 days of November 2011 (mean 413 cyclists/day)	Pierre-Dupuy	Pierre-Dupuy	2	#93DF10
#93DF10	1326565800	6.4	160 cyclists counted at Pierre-Dupuy in 25 days of January 2012 (mean 6 cyclists/day)	Pierre-Dupuy	Pierre-Dupuy	2	#93DF10
#93DF10	1329244200	8.27586206896552	240 cyclists counted at Pierre-Dupuy in 29 days of February 2012 (mean 8 cyclists/day)	Pierre-Dupuy	Pierre-Dupuy	2	#93DF10
#93DF10	1331749800	265.36	6634 cyclists counted at Pierre-Dupuy in 25 days of March 2012 (mean 265 cyclists/day)	Pierre-Dupuy	Pierre-Dupuy	2	#93DF10
#93DF10	1334428200	539.833333333333	16195 cyclists counted at Pierre-Dupuy in 30 days of April 2012 (mean 539 cyclists/day)	Pierre-Dupuy	Pierre-Dupuy	2	#93DF10
#93DF10	1337020200	1617.09677419355	50130 cyclists counted at Pierre-Dupuy in 31 days of May 2012 (mean 1617 cyclists/day)	Pierre-Dupuy	Pierre-Dupuy	2	#93DF10
#93DF10	1339698600	1768.1	53043 cyclists counted at Pierre-Dupuy in 30 days of June 2012 (mean 1768 cyclists/day)	Pierre-Dupuy	Pierre-Dupuy	2	#93DF10
#93DF10	1342290600	2581.70967741936	80033 cyclists counted at Pierre-Dupuy in 31 days of July 2012 (mean 2581 cyclists/day)	Pierre-Dupuy	Pierre-Dupuy	2	#93DF10
#93DF10	1344969000	1857.51612903226	57583 cyclists counted at Pierre-Dupuy in 31 days of August 2012 (mean 1857 cyclists/day)	Pierre-Dupuy	Pierre-Dupuy	2	#93DF10
#93DF10	1347647400	1410.93333333333	42328 cyclists counted at Pierre-Dupuy in 30 days of September 2012 (mean 1410 cyclists/day)	Pierre-Dupuy	Pierre-Dupuy	2	#93DF10
#93DF10	1350239400	636.967741935484	19746 cyclists counted at Pierre-Dupuy in 31 days of October 2012 (mean 636 cyclists/day)	Pierre-Dupuy	Pierre-Dupuy	2	#93DF10
#93DF10	1352917800	148.6	743 cyclists counted at Pierre-Dupuy in 5 days of November 2012 (mean 148 cyclists/day)	Pierre-Dupuy	Pierre-Dupuy	2	#93DF10
#93DF10	1358188200	2.77777777777778	25 cyclists counted at Pierre-Dupuy in 9 days of January 2013 (mean 2 cyclists/day)	Pierre-Dupuy	Pierre-Dupuy	2	#93DF10
#93DF10	1360866600	6.125	147 cyclists counted at Pierre-Dupuy in 24 days of February 2013 (mean 6 cyclists/day)	Pierre-Dupuy	Pierre-Dupuy	2	#93DF10
#93DF10	1363285800	61.0967741935484	1894 cyclists counted at Pierre-Dupuy in 31 days of March 2013 (mean 61 cyclists/day)	Pierre-Dupuy	Pierre-Dupuy	2	#93DF10
#93DF10	1365964200	681.333333333333	20440 cyclists counted at Pierre-Dupuy in 30 days of April 2013 (mean 681 cyclists/day)	Pierre-Dupuy	Pierre-Dupuy	2	#93DF10
#93DF10	1368556200	1699.03225806452	52670 cyclists counted at Pierre-Dupuy in 31 days of May 2013 (mean 1699 cyclists/day)	Pierre-Dupuy	Pierre-Dupuy	2	#93DF10
#93DF10	1371234600	1655.76666666667	49673 cyclists counted at Pierre-Dupuy in 30 days of June 2013 (mean 1655 cyclists/day)	Pierre-Dupuy	Pierre-Dupuy	2	#93DF10
#93DF10	1373826600	2621.48387096774	81266 cyclists counted at Pierre-Dupuy in 31 days of July 2013 (mean 2621 cyclists/day)	Pierre-Dupuy	Pierre-Dupuy	2	#93DF10
#93DF10	1376505000	2224.48387096774	68959 cyclists counted at Pierre-Dupuy in 31 days of August 2013 (mean 2224 cyclists/day)	Pierre-Dupuy	Pierre-Dupuy	2	#93DF10
#93DF10	1379183400	1434.94444444444	25829 cyclists counted at Pierre-Dupuy in 18 days of September 2013 (mean 1434 cyclists/day)	Pierre-Dupuy	Pierre-Dupuy	2	#93DF10
#F58AC1	1287081000	2169.1724137931	62906 cyclists counted at Rachel in 29 days of October 2010 (mean 2169 cyclists/day)	Rachel	Rachel	2	#F58AC1
#F58AC1	1289759400	1464.3	43929 cyclists counted at Rachel in 30 days of November 2010 (mean 1464 cyclists/day)	Rachel	Rachel	2	#F58AC1
#F58AC1	1292351400	177.689655172414	5153 cyclists counted at Rachel in 29 days of December 2010 (mean 177 cyclists/day)	Rachel	Rachel	2	#F58AC1
#F58AC1	1295029800	114.357142857143	3202 cyclists counted at Rachel in 28 days of January 2011 (mean 114 cyclists/day)	Rachel	Rachel	2	#F58AC1
#F58AC1	1297708200	93.25	1865 cyclists counted at Rachel in 20 days of February 2011 (mean 93 cyclists/day)	Rachel	Rachel	2	#F58AC1
#F58AC1	1300127400	340.2	8505 cyclists counted at Rachel in 25 days of March 2011 (mean 340 cyclists/day)	Rachel	Rachel	2	#F58AC1
#F58AC1	1302805800	1691.8	50754 cyclists counted at Rachel in 30 days of April 2011 (mean 1691 cyclists/day)	Rachel	Rachel	2	#F58AC1
#F58AC1	1305397800	3219.58064516129	99807 cyclists counted at Rachel in 31 days of May 2011 (mean 3219 cyclists/day)	Rachel	Rachel	2	#F58AC1
#F58AC1	1308076200	4534.63333333333	136039 cyclists counted at Rachel in 30 days of June 2011 (mean 4534 cyclists/day)	Rachel	Rachel	2	#F58AC1
#F58AC1	1310668200	4703.51612903226	145809 cyclists counted at Rachel in 31 days of July 2011 (mean 4703 cyclists/day)	Rachel	Rachel	2	#F58AC1
#F58AC1	1313346600	4568.03225806452	141609 cyclists counted at Rachel in 31 days of August 2011 (mean 4568 cyclists/day)	Rachel	Rachel	2	#F58AC1
#F58AC1	1316025000	4318.26666666667	129548 cyclists counted at Rachel in 30 days of September 2011 (mean 4318 cyclists/day)	Rachel	Rachel	2	#F58AC1
#F58AC1	1318617000	1095	3285 cyclists counted at Rachel in 3 days of October 2011 (mean 1095 cyclists/day)	Rachel	Rachel	2	#F58AC1
#F58AC1	1326565800	71.25	1140 cyclists counted at Rachel in 16 days of January 2012 (mean 71 cyclists/day)	Rachel	Rachel	2	#F58AC1
#F58AC1	1329244200	4.29411764705882	73 cyclists counted at Rachel in 17 days of February 2012 (mean 4 cyclists/day)	Rachel	Rachel	2	#F58AC1
#F58AC1	1331749800	979.148148148148	26437 cyclists counted at Rachel in 27 days of March 2012 (mean 979 cyclists/day)	Rachel	Rachel	2	#F58AC1
#F58AC1	1334428200	2391.96666666667	71759 cyclists counted at Rachel in 30 days of April 2012 (mean 2391 cyclists/day)	Rachel	Rachel	2	#F58AC1
#F58AC1	1337020200	4180.32258064516	129590 cyclists counted at Rachel in 31 days of May 2012 (mean 4180 cyclists/day)	Rachel	Rachel	2	#F58AC1
#F58AC1	1339698600	4884.33333333333	146530 cyclists counted at Rachel in 30 days of June 2012 (mean 4884 cyclists/day)	Rachel	Rachel	2	#F58AC1
#F58AC1	1342290600	4861.38709677419	150703 cyclists counted at Rachel in 31 days of July 2012 (mean 4861 cyclists/day)	Rachel	Rachel	2	#F58AC1
#F58AC1	1344969000	4431.51612903226	137377 cyclists counted at Rachel in 31 days of August 2012 (mean 4431 cyclists/day)	Rachel	Rachel	2	#F58AC1
#F58AC1	1347647400	4125.23333333333	123757 cyclists counted at Rachel in 30 days of September 2012 (mean 4125 cyclists/day)	Rachel	Rachel	2	#F58AC1
#F58AC1	1350239400	3030.93548387097	93959 cyclists counted at Rachel in 31 days of October 2012 (mean 3030 cyclists/day)	Rachel	Rachel	2	#F58AC1
#F58AC1	1352917800	1891	9455 cyclists counted at Rachel in 5 days of November 2012 (mean 1891 cyclists/day)	Rachel	Rachel	2	#F58AC1
#F58AC1	1358188200	255.366666666667	7661 cyclists counted at Rachel in 30 days of January 2013 (mean 255 cyclists/day)	Rachel	Rachel	2	#F58AC1
#F58AC1	1360866600	287.928571428571	8062 cyclists counted at Rachel in 28 days of February 2013 (mean 287 cyclists/day)	Rachel	Rachel	2	#F58AC1
#F58AC1	1363285800	627.612903225807	19456 cyclists counted at Rachel in 31 days of March 2013 (mean 627 cyclists/day)	Rachel	Rachel	2	#F58AC1
#F58AC1	1365964200	2436.06666666667	73082 cyclists counted at Rachel in 30 days of April 2013 (mean 2436 cyclists/day)	Rachel	Rachel	2	#F58AC1
#F58AC1	1368556200	4750.77419354839	147274 cyclists counted at Rachel in 31 days of May 2013 (mean 4750 cyclists/day)	Rachel	Rachel	2	#F58AC1
#F58AC1	1371234600	4859.16666666667	145775 cyclists counted at Rachel in 30 days of June 2013 (mean 4859 cyclists/day)	Rachel	Rachel	2	#F58AC1
#F58AC1	1373826600	5426.38709677419	168218 cyclists counted at Rachel in 31 days of July 2013 (mean 5426 cyclists/day)	Rachel	Rachel	2	#F58AC1
#F58AC1	1376505000	5129.1935483871	159005 cyclists counted at Rachel in 31 days of August 2013 (mean 5129 cyclists/day)	Rachel	Rachel	2	#F58AC1
#F58AC1	1379183400	4250.11111111111	76502 cyclists counted at Rachel in 18 days of September 2013 (mean 4250 cyclists/day)	Rachel	Rachel	2	#F58AC1
#A77B7B	1231957800	359.193548387097	11135 cyclists counted at Saint-Urbain in 31 days of January 2009 (mean 359 cyclists/day)	Saint-Urbain	Saint-Urbain	2	#A77B7B
#A77B7B	1234636200	697.535714285714	19531 cyclists counted at Saint-Urbain in 28 days of February 2009 (mean 697 cyclists/day)	Saint-Urbain	Saint-Urbain	2	#A77B7B
#A77B7B	1237055400	1599	49569 cyclists counted at Saint-Urbain in 31 days of March 2009 (mean 1599 cyclists/day)	Saint-Urbain	Saint-Urbain	2	#A77B7B
#A77B7B	1239733800	1693.26666666667	50798 cyclists counted at Saint-Urbain in 30 days of April 2009 (mean 1693 cyclists/day)	Saint-Urbain	Saint-Urbain	2	#A77B7B
#A77B7B	1242325800	1844.12903225806	57168 cyclists counted at Saint-Urbain in 31 days of May 2009 (mean 1844 cyclists/day)	Saint-Urbain	Saint-Urbain	2	#A77B7B
#A77B7B	1245004200	1985.5	59565 cyclists counted at Saint-Urbain in 30 days of June 2009 (mean 1985 cyclists/day)	Saint-Urbain	Saint-Urbain	2	#A77B7B
#A77B7B	1247596200	2228.09677419355	69071 cyclists counted at Saint-Urbain in 31 days of July 2009 (mean 2228 cyclists/day)	Saint-Urbain	Saint-Urbain	2	#A77B7B
#A77B7B	1250274600	2176.03225806452	67457 cyclists counted at Saint-Urbain in 31 days of August 2009 (mean 2176 cyclists/day)	Saint-Urbain	Saint-Urbain	2	#A77B7B
#A77B7B	1252953000	2296.53333333333	68896 cyclists counted at Saint-Urbain in 30 days of September 2009 (mean 2296 cyclists/day)	Saint-Urbain	Saint-Urbain	2	#A77B7B
#A77B7B	1255545000	1871.70967741936	58023 cyclists counted at Saint-Urbain in 31 days of October 2009 (mean 1871 cyclists/day)	Saint-Urbain	Saint-Urbain	2	#A77B7B
#A77B7B	1258223400	1664.16666666667	49925 cyclists counted at Saint-Urbain in 30 days of November 2009 (mean 1664 cyclists/day)	Saint-Urbain	Saint-Urbain	2	#A77B7B
#A77B7B	1260815400	712.838709677419	22098 cyclists counted at Saint-Urbain in 31 days of December 2009 (mean 712 cyclists/day)	Saint-Urbain	Saint-Urbain	2	#A77B7B
#A77B7B	1263493800	480.225806451613	14887 cyclists counted at Saint-Urbain in 31 days of January 2010 (mean 480 cyclists/day)	Saint-Urbain	Saint-Urbain	2	#A77B7B
#A77B7B	1266172200	404.892857142857	11337 cyclists counted at Saint-Urbain in 28 days of February 2010 (mean 404 cyclists/day)	Saint-Urbain	Saint-Urbain	2	#A77B7B
#A77B7B	1268591400	935.923076923077	24334 cyclists counted at Saint-Urbain in 26 days of March 2010 (mean 935 cyclists/day)	Saint-Urbain	Saint-Urbain	2	#A77B7B
#A77B7B	1271269800	2353.94117647059	40017 cyclists counted at Saint-Urbain in 17 days of April 2010 (mean 2353 cyclists/day)	Saint-Urbain	Saint-Urbain	2	#A77B7B
#A77B7B	1273861800	2492.1935483871	77258 cyclists counted at Saint-Urbain in 31 days of May 2010 (mean 2492 cyclists/day)	Saint-Urbain	Saint-Urbain	2	#A77B7B
#A77B7B	1276540200	2348.86666666667	70466 cyclists counted at Saint-Urbain in 30 days of June 2010 (mean 2348 cyclists/day)	Saint-Urbain	Saint-Urbain	2	#A77B7B
#A77B7B	1279132200	2301.54838709677	71348 cyclists counted at Saint-Urbain in 31 days of July 2010 (mean 2301 cyclists/day)	Saint-Urbain	Saint-Urbain	2	#A77B7B
#A77B7B	1281810600	2265.48387096774	70230 cyclists counted at Saint-Urbain in 31 days of August 2010 (mean 2265 cyclists/day)	Saint-Urbain	Saint-Urbain	2	#A77B7B
#A77B7B	1284489000	2187.5	65625 cyclists counted at Saint-Urbain in 30 days of September 2010 (mean 2187 cyclists/day)	Saint-Urbain	Saint-Urbain	2	#A77B7B
#A77B7B	1287081000	1739.83870967742	53935 cyclists counted at Saint-Urbain in 31 days of October 2010 (mean 1739 cyclists/day)	Saint-Urbain	Saint-Urbain	2	#A77B7B
#A77B7B	1289759400	1433.82352941176	24375 cyclists counted at Saint-Urbain in 17 days of November 2010 (mean 1433 cyclists/day)	Saint-Urbain	Saint-Urbain	2	#A77B7B
#D21BD5	1360866600	198.25	3172 cyclists counted at Totem_Laurier in 16 days of February 2013 (mean 198 cyclists/day)	Totem_Laurier	Totem_Laurier	2	#D21BD5
#D21BD5	1363285800	497.645161290323	15427 cyclists counted at Totem_Laurier in 31 days of March 2013 (mean 497 cyclists/day)	Totem_Laurier	Totem_Laurier	2	#D21BD5
#D21BD5	1365964200	1537.23333333333	46117 cyclists counted at Totem_Laurier in 30 days of April 2013 (mean 1537 cyclists/day)	Totem_Laurier	Totem_Laurier	2	#D21BD5
#D21BD5	1368556200	2746.41935483871	85139 cyclists counted at Totem_Laurier in 31 days of May 2013 (mean 2746 cyclists/day)	Totem_Laurier	Totem_Laurier	2	#D21BD5
#D21BD5	1371234600	2828.6	84858 cyclists counted at Totem_Laurier in 30 days of June 2013 (mean 2828 cyclists/day)	Totem_Laurier	Totem_Laurier	2	#D21BD5
#D21BD5	1373826600	3238.38709677419	100390 cyclists counted at Totem_Laurier in 31 days of July 2013 (mean 3238 cyclists/day)	Totem_Laurier	Totem_Laurier	2	#D21BD5
#D21BD5	1376505000	3162.70967741936	98044 cyclists counted at Totem_Laurier in 31 days of August 2013 (mean 3162 cyclists/day)	Totem_Laurier	Totem_Laurier	2	#D21BD5
#D21BD5	1379183400	2888.77777777778	51998 cyclists counted at Totem_Laurier in 18 days of September 2013 (mean 2888 cyclists/day)	Totem_Laurier	Totem_Laurier	2	#D21BD5
#FB8072	1287081000	1743.92307692308	45342 cyclists counted at du Parc in 26 days of October 2010 (mean 1743 cyclists/day)	du Parc	du Parc	2	#FB8072
#FB8072	1289759400	1308.23333333333	39247 cyclists counted at du Parc in 30 days of November 2010 (mean 1308 cyclists/day)	du Parc	du Parc	2	#FB8072
#FB8072	1292351400	165.709677419355	5137 cyclists counted at du Parc in 31 days of December 2010 (mean 165 cyclists/day)	du Parc	du Parc	2	#FB8072
#FB8072	1295029800	160.129032258065	4964 cyclists counted at du Parc in 31 days of January 2011 (mean 160 cyclists/day)	du Parc	du Parc	2	#FB8072
#FB8072	1297708200	115.892857142857	3245 cyclists counted at du Parc in 28 days of February 2011 (mean 115 cyclists/day)	du Parc	du Parc	2	#FB8072
#FB8072	1300127400	308	9548 cyclists counted at du Parc in 31 days of March 2011 (mean 308 cyclists/day)	du Parc	du Parc	2	#FB8072
#FB8072	1302805800	1123.83333333333	33715 cyclists counted at du Parc in 30 days of April 2011 (mean 1123 cyclists/day)	du Parc	du Parc	2	#FB8072
#FB8072	1305397800	2098.38709677419	65050 cyclists counted at du Parc in 31 days of May 2011 (mean 2098 cyclists/day)	du Parc	du Parc	2	#FB8072
#FB8072	1308076200	3043.46666666667	91304 cyclists counted at du Parc in 30 days of June 2011 (mean 3043 cyclists/day)	du Parc	du Parc	2	#FB8072
#FB8072	1310668200	2888.03225806452	89529 cyclists counted at du Parc in 31 days of July 2011 (mean 2888 cyclists/day)	du Parc	du Parc	2	#FB8072
#FB8072	1313346600	2720.83870967742	84346 cyclists counted at du Parc in 31 days of August 2011 (mean 2720 cyclists/day)	du Parc	du Parc	2	#FB8072
#FB8072	1316025000	3130.3	93909 cyclists counted at du Parc in 30 days of September 2011 (mean 3130 cyclists/day)	du Parc	du Parc	2	#FB8072
#FB8072	1318617000	2147.03225806452	66558 cyclists counted at du Parc in 31 days of October 2011 (mean 2147 cyclists/day)	du Parc	du Parc	2	#FB8072
#FB8072	1321295400	2074.66666666667	6224 cyclists counted at du Parc in 3 days of November 2011 (mean 2074 cyclists/day)	du Parc	du Parc	2	#FB8072
#FB8072	1326565800	99.6129032258064	3088 cyclists counted at du Parc in 31 days of January 2012 (mean 99 cyclists/day)	du Parc	du Parc	2	#FB8072
#FB8072	1329244200	167.310344827586	4852 cyclists counted at du Parc in 29 days of February 2012 (mean 167 cyclists/day)	du Parc	du Parc	2	#FB8072
#FB8072	1331749800	693.129032258065	21487 cyclists counted at du Parc in 31 days of March 2012 (mean 693 cyclists/day)	du Parc	du Parc	2	#FB8072
#FB8072	1334428200	1534.93333333333	46048 cyclists counted at du Parc in 30 days of April 2012 (mean 1534 cyclists/day)	du Parc	du Parc	2	#FB8072
#FB8072	1337020200	2527.58064516129	78355 cyclists counted at du Parc in 31 days of May 2012 (mean 2527 cyclists/day)	du Parc	du Parc	2	#FB8072
#FB8072	1339698600	2873	86190 cyclists counted at du Parc in 30 days of June 2012 (mean 2873 cyclists/day)	du Parc	du Parc	2	#FB8072
#FB8072	1342290600	2839.03225806452	88010 cyclists counted at du Parc in 31 days of July 2012 (mean 2839 cyclists/day)	du Parc	du Parc	2	#FB8072
#FB8072	1344969000	2718.09677419355	84261 cyclists counted at du Parc in 31 days of August 2012 (mean 2718 cyclists/day)	du Parc	du Parc	2	#FB8072
#FB8072	1347647400	2887.03333333333	86611 cyclists counted at du Parc in 30 days of September 2012 (mean 2887 cyclists/day)	du Parc	du Parc	2	#FB8072
#FB8072	1350239400	2309.90322580645	71607 cyclists counted at du Parc in 31 days of October 2012 (mean 2309 cyclists/day)	du Parc	du Parc	2	#FB8072
#FB8072	1352917800	1403.2	7016 cyclists counted at du Parc in 5 days of November 2012 (mean 1403 cyclists/day)	du Parc	du Parc	2	#FB8072
#FB8072	1358188200	112.258064516129	3480 cyclists counted at du Parc in 31 days of January 2013 (mean 112 cyclists/day)	du Parc	du Parc	2	#FB8072
#FB8072	1360866600	138.785714285714	3886 cyclists counted at du Parc in 28 days of February 2013 (mean 138 cyclists/day)	du Parc	du Parc	2	#FB8072
#FB8072	1363285800	343.354838709677	10644 cyclists counted at du Parc in 31 days of March 2013 (mean 343 cyclists/day)	du Parc	du Parc	2	#FB8072
#FB8072	1365964200	1486	44580 cyclists counted at du Parc in 30 days of April 2013 (mean 1486 cyclists/day)	du Parc	du Parc	2	#FB8072
#FB8072	1368556200	2657.48387096774	82382 cyclists counted at du Parc in 31 days of May 2013 (mean 2657 cyclists/day)	du Parc	du Parc	2	#FB8072
#FB8072	1371234600	2508.5	75255 cyclists counted at du Parc in 30 days of June 2013 (mean 2508 cyclists/day)	du Parc	du Parc	2	#FB8072
#FB8072	1373826600	2758.51612903226	85514 cyclists counted at du Parc in 31 days of July 2013 (mean 2758 cyclists/day)	du Parc	du Parc	2	#FB8072
#FB8072	1376505000	2560.58064516129	79378 cyclists counted at du Parc in 31 days of August 2013 (mean 2560 cyclists/day)	du Parc	du Parc	2	#FB8072
#FB8072	1379183400	2811.16666666667	50601 cyclists counted at du Parc in 18 days of September 2013 (mean 2811 cyclists/day)	du Parc	du Parc	2	#FB8072
